Manufacturer,Brand,Model,Price,Shipping
Nvidia,GIGABYTE,RTX 3090,"1,999",$9.99 Shipping
Radeon,GIGABYTE,RX 6900 XT,"1,099",Free Shipping
Nvidia,ASUS,RTX 3050,429,Free Shipping
Radeon,GIGABYTE,RX 6500 XT,239,Free Shipping
Radeon,ASRock,RX 6900 XT,"1,149",Free Shipping
Radeon,GIGABYTE,RX 6700 XT,599,Free Shipping
Radeon,MSI,RX 6700 XT,589,Free Shipping
Radeon,XFX,RX 6600 XT,429,Free Shipping
Nvidia,MSI,RTX 3050,329,Free Shipping
Nvidia,MSI,RTX 3060 Ti,579,Free Shipping
Nvidia,GIGABYTE,RTX 3060 Ti,599,Free Shipping
Radeon,ASRock,RX 6600,335,Free Shipping
Nvidia,GIGABYTE,RTX 3070,729,Free Shipping
Radeon,ASRock,RX 6700 XT,528,Free Shipping
Radeon,MSI,RX 6600,339,Free Shipping
Nvidia,MSI,RTX 3070 Ti,809,Free Shipping
Nvidia,GIGABYTE,RTX 3080 Ti,"1,429",Free Shipping
Nvidia,GIGABYTE,RTX 3080,949,Free Shipping
Nvidia,GIGABYTE,RTX 3060,519,Free Shipping
Radeon,Yeston,RX6700XT 1,769,Free Shipping
Nvidia,EVGA,RTX 3090 Ti,"2,199",$9.99 Shipping
Radeon,Sapphire,RX 6900 XT,"1,079",$9.99 Shipping
Nvidia,EVGA,RTX 3090,"1,699",$9.99 Shipping
Nvidia,GIGABYTE,RTX 3060,499,$9.99 Shipping
Radeon,SAPPHIRE,RX 6900 XT,"1,189",Free Shipping
Radeon,SAPPHIRE,RX 6800 XT,859,$9.99 Shipping
Radeon,ASRock,RX 6400,169,Free Shipping
Nvidia,GIGABYTE,RTX 3090 Ti,"1,999",Free Shipping
Nvidia,MSI,RTX 3090,"1,679",Free Shipping
Nvidia,MSI,RTX 3060 Ti,589,$9.99 Shipping
Nvidia,ZOTAC,RTX 3070 Ti,769,Free Shipping
Nvidia,MSI,RTX 3060,409,$9.99 Shipping
Nvidia,MSI,RTX 3090 Ti,"1,999",Free Shipping
Nvidia,MSI,RTX 3080,999,Free Shipping
Radeon,MSI,RX 6900 XT,"1,069",$9.99 Shipping
Nvidia,ASUS,RTX 3050,379,Free Shipping
Nvidia,ASUS,RTX 3070 Ti,899,Free Shipping
Nvidia,ASUS,RTX 2060,389,Free Shipping
Nvidia,GIGABYTE,RTX 3080,999,Free Shipping
Nvidia,GIGABYTE,RTX 3070 Ti,799,Free Shipping
Radeon,ASRock,RX 6600 XT,419,Free Shipping
Radeon,MSI,RX 6700 XT,529,Free Shipping
Nvidia,MSI,RTX 3070 Ti,819,Free Shipping
Nvidia,GIGABYTE,RTX 3070 Ti,899,Free Shipping
Radeon,Sapphire,RX 6700 XT,599,$9.99 Shipping
Radeon,ASRock,RX 6500 XT,209,Free Shipping
Nvidia,ASUS,RTX 3080 Ti,"1,699",Free Shipping
Radeon,XFX,RX 6400,179,$6.34 Shipping
Radeon,XFX,RX 6700 XT,569,Free Shipping
Radeon,GIGABYTE,RX 6600,369,Free Shipping
Nvidia,GIGABYTE,RTX 3090 Ti,"2,199",$8.44 Shipping
Nvidia,MSI,RTX 3070 Ti,789,Free Shipping
Nvidia,MSI,RTX 3050,359,Free Shipping
Nvidia,MSI,GTX 1050 Ti,203,Free Shipping
Nvidia,MSI,RTX 3080,"1,059",Free Shipping
Nvidia,MSI,RTX 3080,"1,149",Free Shipping
Nvidia,MSI,RTX 3060,736,Free Shipping
Nvidia,ASUS,RTX 3080 Ti,"1,539",Free Shipping
Radeon,Sapphire,RX 6700 XT,579,Free Shipping
Radeon,SAPPHIRE,RX 6600 XT,469,Free Shipping
Radeon,ASRock,RX 6800,799,Free Shipping
Nvidia,GIGABYTE,RTX 3080 Ti,"1,449",Free Shipping
Nvidia,ASUS,RTX 3080,"1,399",Free Shipping
Radeon,SAPPHIRE,RX 6500 XT,209,Free Shipping
Radeon,MSI,RX 6800 XT,899,Free Shipping
Nvidia,EVGA,RTX 3080 Ti,"1,299",Free Shipping
Nvidia,MSI,GTX 1660,359,Free Shipping
Nvidia,ZOTAC,GTX 1660,329,Est. Shipping Fee $7.99
Radeon,XFX,RX 6600,369,$4.49 Shipping
Nvidia,GIGABYTE,RTX 3060 Ti,699,Free Shipping
Nvidia,ASUS,RTX 3090 Ti,"1,999",$9.99 Shipping
Nvidia,GIGABYTE,RTX 3070 Ti,852,Free Shipping
Nvidia,GIGABYTE,RTX 3080 Ti,"1,401",$49.99 Shipping
Nvidia,ZOTAC,RTX 3060 Ti,649,Free Shipping
Radeon,Yeston,RX6800XT 1,"1,099",Free Shipping
Nvidia,GIGABYTE,RTX 3070,859,Free Shipping
Radeon,Sapphire,RX 6600,359,$9.99 Shipping
Nvidia,GIGABYTE,RTX 3080,"1,093",Free Shipping
Nvidia,MSI,GTX 1660,389,$9.99 Shipping
Nvidia,MSI,RTX 2060,459,Free Shipping
Nvidia,ASUS,GTX 1660 Ti,349,Free Shipping
Nvidia,GIGABYTE,RTX 3050,419,Free Shipping
Nvidia,EVGA,RTX 3070 Ti,759,Free Shipping
Nvidia,ASUS,RTX 3090 Ti,"2,199",Free Shipping
Nvidia,GIGABYTE,RTX 3090 Ti,"2,149",Free Shipping
Radeon,GIGABYTE,RX 6800 XT,919,Free Shipping
Nvidia,ASUS,RTX 3080,"1,199",Free Shipping
Radeon,Yeston,RX6800XT 1,999,Free Shipping
Radeon,Biostar,RX 550 ,139,Free Shipping
Radeon,GIGABYTE,RX 6600 XT,479,Free Shipping
Nvidia,GIGABYTE,RTX 3080,"1,199",Free Shipping
Nvidia,GIGABYTE,RTX 3080,"1,229",$9.99 Shipping
Nvidia,GIGABYTE,RTX 3080 Ti,"1,406",Free Shipping
Nvidia,ASUS,RTX 2060,429,Free Shipping
Radeon,Sapphire,RX 6800,819,$7.77 Shipping
Radeon,SAPPHIRE,RX 6600,379,Free Shipping
Nvidia,GIGABYTE,RTX 3090,"1,999",$9.99 Shipping
Radeon,GIGABYTE,RX 6900 XT,"1,099",Free Shipping
Nvidia,ASUS,RTX 3050,429,Free Shipping
Radeon,GIGABYTE,RX 6500 XT,239,Free Shipping
Radeon,ASRock,RX 6900 XT,"1,149",Free Shipping
Radeon,GIGABYTE,RX 6700 XT,599,Free Shipping
Radeon,MSI,RX 6700 XT,589,Free Shipping
Radeon,XFX,RX 6600 XT,429,Free Shipping
Nvidia,MSI,RTX 3050,329,Free Shipping
Nvidia,MSI,RTX 3060 Ti,579,Free Shipping
Nvidia,GIGABYTE,RTX 3060 Ti,599,Free Shipping
Radeon,ASRock,RX 6600,335,Free Shipping
Radeon,ASRock,RX 6700 XT,528,Free Shipping
Radeon,MSI,RX 6600,339,Free Shipping
Nvidia,MSI,RTX 3070 Ti,809,Free Shipping
Nvidia,GIGABYTE,RTX 3080 Ti,"1,429",Free Shipping
Nvidia,GIGABYTE,RTX 3080,949,Free Shipping
Nvidia,GIGABYTE,RTX 3060,519,Free Shipping
Radeon,Yeston,RX6700XT 1,769,Free Shipping
Nvidia,EVGA,RTX 3090 Ti,"2,199",$9.99 Shipping
Radeon,Sapphire,RX 6900 XT,"1,079",$9.99 Shipping
Nvidia,EVGA,RTX 3090,"1,699",$9.99 Shipping
Nvidia,GIGABYTE,RTX 3060,499,$9.99 Shipping
Radeon,SAPPHIRE,RX 6900 XT,"1,189",Free Shipping
Radeon,SAPPHIRE,RX 6800 XT,859,$9.99 Shipping
Radeon,ASRock,RX 6400,169,Free Shipping
Nvidia,GIGABYTE,RTX 3090 Ti,"1,999",Free Shipping
Nvidia,MSI,RTX 3090,"1,679",Free Shipping
Nvidia,MSI,RTX 3060 Ti,589,$9.99 Shipping
Nvidia,ZOTAC,RTX 3070 Ti,769,Free Shipping
Nvidia,MSI,RTX 3060,409,$9.99 Shipping
Nvidia,MSI,RTX 3090 Ti,"1,999",Free Shipping
Nvidia,MSI,RTX 3080,999,Free Shipping
Radeon,MSI,RX 6900 XT,"1,069",$9.99 Shipping
Nvidia,ASUS,RTX 3050,379,Free Shipping
Nvidia,ASUS,RTX 3070 Ti,899,Free Shipping
Nvidia,ASUS,RTX 2060,389,Free Shipping
Nvidia,GIGABYTE,RTX 3080,999,Free Shipping
Nvidia,GIGABYTE,RTX 3070 Ti,799,Free Shipping
Radeon,ASRock,RX 6600 XT,419,Free Shipping
Radeon,MSI,RX 6700 XT,529,Free Shipping
Nvidia,MSI,RTX 3070 Ti,819,Free Shipping
Nvidia,GIGABYTE,RTX 3070 Ti,899,Free Shipping
Radeon,Sapphire,RX 6700 XT,599,$9.99 Shipping
Radeon,ASRock,RX 6500 XT,209,Free Shipping
Nvidia,ASUS,RTX 3080 Ti,"1,699",Free Shipping
Radeon,XFX,RX 6400,179,$6.34 Shipping
Radeon,XFX,RX 6700 XT,569,Free Shipping
Radeon,GIGABYTE,RX 6600,369,Free Shipping
Nvidia,GIGABYTE,RTX 3090 Ti,"2,199",$8.44 Shipping
Nvidia,MSI,RTX 3070 Ti,789,Free Shipping
Nvidia,MSI,RTX 3050,359,Free Shipping
Nvidia,MSI,GTX 1050 Ti,203,Free Shipping
Nvidia,MSI,RTX 3080,"1,059",Free Shipping
Nvidia,MSI,RTX 3080,"1,149",Free Shipping
Nvidia,MSI,RTX 3060,736,Free Shipping
Nvidia,ASUS,RTX 3080 Ti,"1,539",Free Shipping
Radeon,Sapphire,RX 6700 XT,579,Free Shipping
Radeon,SAPPHIRE,RX 6600 XT,469,Free Shipping
Radeon,ASRock,RX 6800,799,Free Shipping
Nvidia,GIGABYTE,RTX 3080 Ti,"1,449",Free Shipping
Nvidia,ASUS,RTX 3080,"1,399",Free Shipping
Radeon,SAPPHIRE,RX 6500 XT,209,Free Shipping
Radeon,MSI,RX 6800 XT,899,Free Shipping
Nvidia,EVGA,RTX 3080 Ti,"1,299",Free Shipping
Nvidia,MSI,GTX 1660,359,Free Shipping
Nvidia,ZOTAC,GTX 1660,329,Est. Shipping Fee $7.99
Radeon,XFX,RX 6600,369,$4.49 Shipping
Nvidia,GIGABYTE,RTX 3060 Ti,699,Free Shipping
Nvidia,ASUS,RTX 3090 Ti,"1,999",$9.99 Shipping
Nvidia,GIGABYTE,RTX 3070 Ti,852,Free Shipping
Nvidia,GIGABYTE,RTX 3080 Ti,"1,401",$49.99 Shipping
Nvidia,ZOTAC,RTX 3060 Ti,649,Free Shipping
Radeon,Yeston,RX6800XT 1,"1,099",Free Shipping
Nvidia,GIGABYTE,RTX 3070,859,Free Shipping
Radeon,Sapphire,RX 6600,359,$9.99 Shipping
Nvidia,GIGABYTE,RTX 3080,"1,093",Free Shipping
Nvidia,MSI,GTX 1660,389,$9.99 Shipping
Nvidia,MSI,RTX 2060,459,Free Shipping
Nvidia,ASUS,GTX 1660 Ti,349,Free Shipping
Nvidia,GIGABYTE,RTX 3050,419,Free Shipping
Nvidia,EVGA,RTX 3070 Ti,759,Free Shipping
Nvidia,ASUS,RTX 3090 Ti,"2,199",Free Shipping
Nvidia,GIGABYTE,RTX 3090 Ti,"2,149",Free Shipping
Radeon,GIGABYTE,RX 6800 XT,919,Free Shipping
Nvidia,ASUS,RTX 3080,"1,199",Free Shipping
Radeon,Yeston,RX6800XT 1,999,Free Shipping
Radeon,Biostar,RX 550 ,139,Free Shipping
Radeon,GIGABYTE,RX 6600 XT,479,Free Shipping
Nvidia,GIGABYTE,RTX 3080,"1,199",Free Shipping
Nvidia,GIGABYTE,RTX 3080,"1,229",$9.99 Shipping
Nvidia,GIGABYTE,RTX 3080 Ti,"1,402",Free Shipping
Nvidia,ASUS,RTX 2060,429,Free Shipping
Radeon,Sapphire,RX 6800,819,$7.77 Shipping
Radeon,SAPPHIRE,RX 6600,379,Free Shipping
Nvidia,GIGABYTE,RTX 3070,729,Free Shipping
Nvidia,GIGABYTE,RTX 3090,"1,999",$9.99 Shipping
Radeon,GIGABYTE,RX 6900 XT,"1,099",Free Shipping
Nvidia,ASUS,RTX 3050,429,Free Shipping
Radeon,GIGABYTE,RX 6500 XT,239,Free Shipping
Radeon,ASRock,RX 6900 XT,"1,149",Free Shipping
Radeon,GIGABYTE,RX 6700 XT,599,Free Shipping
Radeon,MSI,RX 6700 XT,589,Free Shipping
Radeon,XFX,RX 6600 XT,429,Free Shipping
Nvidia,MSI,RTX 3050,329,Free Shipping
Nvidia,MSI,RTX 3060 Ti,579,Free Shipping
Nvidia,GIGABYTE,RTX 3060 Ti,599,Free Shipping
Radeon,ASRock,RX 6600,335,Free Shipping
Radeon,ASRock,RX 6700 XT,528,Free Shipping
Radeon,MSI,RX 6600,339,Free Shipping
Nvidia,MSI,RTX 3070 Ti,809,Free Shipping
Nvidia,GIGABYTE,RTX 3080 Ti,"1,429",Free Shipping
Nvidia,GIGABYTE,RTX 3080,949,Free Shipping
Nvidia,GIGABYTE,RTX 3060,519,Free Shipping
Radeon,Yeston,RX6700XT 1,769,Free Shipping
Nvidia,EVGA,RTX 3090 Ti,"2,199",$9.99 Shipping
Radeon,Sapphire,RX 6900 XT,"1,079",$9.99 Shipping
Nvidia,EVGA,RTX 3090,"1,699",$9.99 Shipping
Nvidia,GIGABYTE,RTX 3060,499,$9.99 Shipping
Radeon,SAPPHIRE,RX 6900 XT,"1,189",Free Shipping
Radeon,SAPPHIRE,RX 6800 XT,859,$9.99 Shipping
Radeon,ASRock,RX 6400,169,Free Shipping
Nvidia,GIGABYTE,RTX 3090 Ti,"1,999",Free Shipping
Nvidia,MSI,RTX 3090,"1,679",Free Shipping
Nvidia,MSI,RTX 3060 Ti,589,$9.99 Shipping
Nvidia,ZOTAC,RTX 3070 Ti,769,Free Shipping
Nvidia,MSI,RTX 3060,409,$9.99 Shipping
Nvidia,MSI,RTX 3090 Ti,"1,999",Free Shipping
Nvidia,MSI,RTX 3080,999,Free Shipping
Radeon,MSI,RX 6900 XT,"1,069",$9.99 Shipping
Nvidia,ASUS,RTX 3050,379,Free Shipping
Nvidia,ASUS,RTX 3070 Ti,899,Free Shipping
Nvidia,ASUS,RTX 2060,389,Free Shipping
Nvidia,GIGABYTE,RTX 3080,999,Free Shipping
Nvidia,GIGABYTE,RTX 3070 Ti,799,Free Shipping
Radeon,ASRock,RX 6600 XT,419,Free Shipping
Radeon,MSI,RX 6700 XT,529,Free Shipping
Nvidia,MSI,RTX 3070 Ti,819,Free Shipping
Nvidia,GIGABYTE,RTX 3070 Ti,899,Free Shipping
Radeon,Sapphire,RX 6700 XT,599,$9.99 Shipping
Radeon,ASRock,RX 6500 XT,209,Free Shipping
Nvidia,ASUS,RTX 3080 Ti,"1,699",Free Shipping
Radeon,XFX,RX 6400,179,$6.34 Shipping
Radeon,XFX,RX 6700 XT,569,Free Shipping
Radeon,GIGABYTE,RX 6600,369,Free Shipping
Nvidia,GIGABYTE,RTX 3090 Ti,"2,199",$8.44 Shipping
Nvidia,MSI,RTX 3070 Ti,789,Free Shipping
Nvidia,MSI,RTX 3050,359,Free Shipping
Nvidia,MSI,GTX 1050 Ti,203,Free Shipping
Nvidia,MSI,RTX 3080,"1,059",Free Shipping
Nvidia,MSI,RTX 3080,"1,149",Free Shipping
Nvidia,MSI,RTX 3060,736,Free Shipping
Nvidia,ASUS,RTX 3080 Ti,"1,539",Free Shipping
Radeon,Sapphire,RX 6700 XT,579,Free Shipping
Radeon,SAPPHIRE,RX 6600 XT,469,Free Shipping
Radeon,ASRock,RX 6800,799,Free Shipping
Nvidia,GIGABYTE,RTX 3080 Ti,"1,449",Free Shipping
Nvidia,ASUS,RTX 3080,"1,399",Free Shipping
Radeon,SAPPHIRE,RX 6500 XT,209,Free Shipping
Radeon,MSI,RX 6800 XT,899,Free Shipping
Nvidia,EVGA,RTX 3080 Ti,"1,299",Free Shipping
Nvidia,MSI,GTX 1660,359,Free Shipping
Nvidia,ZOTAC,GTX 1660,329,Est. Shipping Fee $7.99
Radeon,XFX,RX 6600,369,$4.49 Shipping
Nvidia,GIGABYTE,RTX 3060 Ti,699,Free Shipping
Nvidia,ASUS,RTX 3090 Ti,"1,999",$9.99 Shipping
Nvidia,GIGABYTE,RTX 3070 Ti,852,Free Shipping
Nvidia,GIGABYTE,RTX 3080 Ti,"1,401",$49.99 Shipping
Nvidia,ZOTAC,RTX 3060 Ti,649,Free Shipping
Radeon,Yeston,RX6800XT 1,"1,099",Free Shipping
Nvidia,GIGABYTE,RTX 3070,859,Free Shipping
Radeon,Sapphire,RX 6600,359,$9.99 Shipping
Nvidia,GIGABYTE,RTX 3080,"1,093",Free Shipping
Nvidia,MSI,GTX 1660,389,$9.99 Shipping
Nvidia,MSI,RTX 2060,459,Free Shipping
Nvidia,ASUS,GTX 1660 Ti,349,Free Shipping
Nvidia,GIGABYTE,RTX 3050,419,Free Shipping
Nvidia,EVGA,RTX 3070 Ti,759,Free Shipping
Nvidia,ASUS,RTX 3090 Ti,"2,199",Free Shipping
Nvidia,GIGABYTE,RTX 3090 Ti,"2,149",Free Shipping
Radeon,GIGABYTE,RX 6800 XT,919,Free Shipping
Nvidia,ASUS,RTX 3080,"1,199",Free Shipping
Radeon,Yeston,RX6800XT 1,999,Free Shipping
Radeon,Biostar,RX 550 ,139,Free Shipping
Radeon,GIGABYTE,RX 6600 XT,479,Free Shipping
Nvidia,GIGABYTE,RTX 3080,"1,199",Free Shipping
Nvidia,GIGABYTE,RTX 3080,"1,229",$9.99 Shipping
Nvidia,GIGABYTE,RTX 3080 Ti,"1,402",Free Shipping
Nvidia,ASUS,RTX 2060,429,Free Shipping
Radeon,Sapphire,RX 6800,819,$7.77 Shipping
Radeon,SAPPHIRE,RX 6600,379,Free Shipping
Nvidia,GIGABYTE,RTX 3070,729,Free Shipping
Nvidia,GIGABYTE,RTX 3090,"1,999",$9.99 Shipping
Radeon,GIGABYTE,RX 6900 XT,"1,099",Free Shipping
Nvidia,ASUS,RTX 3050,429,Free Shipping
Radeon,GIGABYTE,RX 6500 XT,239,Free Shipping
Radeon,ASRock,RX 6900 XT,"1,149",Free Shipping
Radeon,GIGABYTE,RX 6700 XT,599,Free Shipping
Radeon,MSI,RX 6700 XT,589,Free Shipping
Radeon,XFX,RX 6600 XT,429,Free Shipping
Nvidia,MSI,RTX 3050,329,Free Shipping
Nvidia,MSI,RTX 3060 Ti,579,Free Shipping
Nvidia,GIGABYTE,RTX 3060 Ti,599,Free Shipping
Radeon,ASRock,RX 6600,335,Free Shipping
Radeon,ASRock,RX 6700 XT,528,Free Shipping
Radeon,MSI,RX 6600,339,Free Shipping
Nvidia,MSI,RTX 3070 Ti,809,Free Shipping
Nvidia,GIGABYTE,RTX 3080 Ti,"1,429",Free Shipping
Nvidia,GIGABYTE,RTX 3080,949,Free Shipping
Nvidia,GIGABYTE,RTX 3060,519,Free Shipping
Radeon,Yeston,RX6700XT 1,769,Free Shipping
Nvidia,EVGA,RTX 3090 Ti,"2,199",$9.99 Shipping
Radeon,Sapphire,RX 6900 XT,"1,079",$9.99 Shipping
Nvidia,EVGA,RTX 3090,"1,699",$9.99 Shipping
Nvidia,GIGABYTE,RTX 3060,499,$9.99 Shipping
Radeon,SAPPHIRE,RX 6900 XT,"1,189",Free Shipping
Radeon,SAPPHIRE,RX 6800 XT,859,$9.99 Shipping
Radeon,ASRock,RX 6400,169,Free Shipping
Nvidia,GIGABYTE,RTX 3090 Ti,"1,999",Free Shipping
Nvidia,MSI,RTX 3090,"1,679",Free Shipping
Nvidia,MSI,RTX 3060 Ti,589,$9.99 Shipping
Nvidia,ZOTAC,RTX 3070 Ti,769,Free Shipping
Nvidia,MSI,RTX 3060,409,$9.99 Shipping
Nvidia,MSI,RTX 3090 Ti,"1,999",Free Shipping
Nvidia,MSI,RTX 3080,999,Free Shipping
Radeon,MSI,RX 6900 XT,"1,069",$9.99 Shipping
Nvidia,ASUS,RTX 3050,379,Free Shipping
Nvidia,ASUS,RTX 3070 Ti,899,Free Shipping
Nvidia,ASUS,RTX 2060,389,Free Shipping
Nvidia,GIGABYTE,RTX 3080,999,Free Shipping
Nvidia,GIGABYTE,RTX 3070 Ti,799,Free Shipping
Radeon,ASRock,RX 6600 XT,419,Free Shipping
Radeon,MSI,RX 6700 XT,529,Free Shipping
Nvidia,MSI,RTX 3070 Ti,819,Free Shipping
Nvidia,GIGABYTE,RTX 3070 Ti,899,Free Shipping
Radeon,Sapphire,RX 6700 XT,599,$9.99 Shipping
Radeon,ASRock,RX 6500 XT,209,Free Shipping
Nvidia,ASUS,RTX 3080 Ti,"1,699",Free Shipping
Radeon,XFX,RX 6400,179,$6.34 Shipping
Radeon,XFX,RX 6700 XT,569,Free Shipping
Radeon,GIGABYTE,RX 6600,369,Free Shipping
Nvidia,GIGABYTE,RTX 3090 Ti,"2,199",$8.44 Shipping
Nvidia,MSI,RTX 3070 Ti,789,Free Shipping
Nvidia,MSI,RTX 3050,359,Free Shipping
Nvidia,MSI,GTX 1050 Ti,203,Free Shipping
Nvidia,MSI,RTX 3080,"1,059",Free Shipping
Nvidia,MSI,RTX 3080,"1,149",Free Shipping
Nvidia,MSI,RTX 3060,736,Free Shipping
Nvidia,ASUS,RTX 3080 Ti,"1,539",Free Shipping
Radeon,Sapphire,RX 6700 XT,579,Free Shipping
Radeon,SAPPHIRE,RX 6600 XT,469,Free Shipping
Radeon,ASRock,RX 6800,799,Free Shipping
Nvidia,GIGABYTE,RTX 3080 Ti,"1,449",Free Shipping
Nvidia,ASUS,RTX 3080,"1,399",Free Shipping
Radeon,SAPPHIRE,RX 6500 XT,209,Free Shipping
Radeon,MSI,RX 6800 XT,899,Free Shipping
Nvidia,EVGA,RTX 3080 Ti,"1,299",Free Shipping
Nvidia,MSI,GTX 1660,359,Free Shipping
Nvidia,ZOTAC,GTX 1660,329,Est. Shipping Fee $7.99
Radeon,XFX,RX 6600,369,$4.49 Shipping
Nvidia,GIGABYTE,RTX 3060 Ti,699,Free Shipping
Nvidia,ASUS,RTX 3090 Ti,"1,999",$9.99 Shipping
Nvidia,GIGABYTE,RTX 3070 Ti,852,Free Shipping
Nvidia,GIGABYTE,RTX 3080 Ti,"1,401",$49.99 Shipping
Nvidia,ZOTAC,RTX 3060 Ti,649,Free Shipping
Radeon,Yeston,RX6800XT 1,"1,099",Free Shipping
Nvidia,GIGABYTE,RTX 3070,859,Free Shipping
Radeon,Sapphire,RX 6600,359,$9.99 Shipping
Nvidia,GIGABYTE,RTX 3080,"1,093",Free Shipping
Nvidia,MSI,GTX 1660,389,$9.99 Shipping
Nvidia,MSI,RTX 2060,459,Free Shipping
Nvidia,ASUS,GTX 1660 Ti,349,Free Shipping
Nvidia,GIGABYTE,RTX 3050,419,Free Shipping
Nvidia,EVGA,RTX 3070 Ti,759,Free Shipping
Nvidia,ASUS,RTX 3090 Ti,"2,199",Free Shipping
Nvidia,GIGABYTE,RTX 3090 Ti,"2,149",Free Shipping
Radeon,GIGABYTE,RX 6800 XT,919,Free Shipping
Nvidia,ASUS,RTX 3080,"1,199",Free Shipping
Radeon,Yeston,RX6800XT 1,999,Free Shipping
Radeon,Biostar,RX 550 ,139,Free Shipping
Radeon,GIGABYTE,RX 6600 XT,479,Free Shipping
Nvidia,GIGABYTE,RTX 3080,"1,199",Free Shipping
Nvidia,GIGABYTE,RTX 3080,"1,229",$9.99 Shipping
Nvidia,GIGABYTE,RTX 3080 Ti,"1,402",Free Shipping
Nvidia,ASUS,RTX 2060,429,Free Shipping
Radeon,Sapphire,RX 6800,819,$7.77 Shipping
Radeon,SAPPHIRE,RX 6600,379,Free Shipping
Nvidia,GIGABYTE,RTX 3070,729,Free Shipping
Nvidia,GIGABYTE,RTX 3090,"1,999",$9.99 Shipping
Radeon,GIGABYTE,RX 6900 XT,"1,099",Free Shipping
Nvidia,ASUS,RTX 3050,429,Free Shipping
Radeon,GIGABYTE,RX 6500 XT,239,Free Shipping
Radeon,ASRock,RX 6900 XT,"1,149",Free Shipping
Radeon,GIGABYTE,RX 6700 XT,599,Free Shipping
Radeon,MSI,RX 6700 XT,589,Free Shipping
Radeon,XFX,RX 6600 XT,429,Free Shipping
Nvidia,MSI,RTX 3050,329,Free Shipping
Nvidia,MSI,RTX 3060 Ti,579,Free Shipping
Nvidia,GIGABYTE,RTX 3060 Ti,599,Free Shipping
Radeon,ASRock,RX 6600,335,Free Shipping
Radeon,ASRock,RX 6700 XT,528,Free Shipping
Radeon,MSI,RX 6600,339,Free Shipping
Nvidia,MSI,RTX 3070 Ti,809,Free Shipping
Nvidia,GIGABYTE,RTX 3080 Ti,"1,429",Free Shipping
Nvidia,GIGABYTE,RTX 3080,949,Free Shipping
Nvidia,GIGABYTE,RTX 3060,519,Free Shipping
Radeon,Yeston,RX6700XT 1,769,Free Shipping
Nvidia,EVGA,RTX 3090 Ti,"2,199",$9.99 Shipping
Nvidia,EVGA,RTX 3090,"1,699",$9.99 Shipping
Nvidia,GIGABYTE,RTX 3060,499,$9.99 Shipping
Radeon,SAPPHIRE,RX 6900 XT,"1,189",Free Shipping
Radeon,SAPPHIRE,RX 6800 XT,859,$9.99 Shipping
Radeon,ASRock,RX 6400,169,Free Shipping
Nvidia,GIGABYTE,RTX 3090 Ti,"1,999",Free Shipping
Nvidia,MSI,RTX 3090,"1,679",Free Shipping
Nvidia,MSI,RTX 3060 Ti,589,$9.99 Shipping
Nvidia,ZOTAC,RTX 3070 Ti,769,Free Shipping
Nvidia,MSI,RTX 3060,409,$9.99 Shipping
Nvidia,MSI,RTX 3090 Ti,"1,999",Free Shipping
Nvidia,MSI,RTX 3080,999,Free Shipping
Radeon,MSI,RX 6900 XT,"1,069",$9.99 Shipping
Nvidia,ASUS,RTX 3050,379,Free Shipping
Nvidia,ASUS,RTX 3070 Ti,899,Free Shipping
Nvidia,ASUS,RTX 2060,389,Free Shipping
Nvidia,GIGABYTE,RTX 3080,999,Free Shipping
Nvidia,GIGABYTE,RTX 3070 Ti,799,Free Shipping
Radeon,ASRock,RX 6600 XT,419,Free Shipping
Radeon,MSI,RX 6700 XT,529,Free Shipping
Nvidia,MSI,RTX 3070 Ti,819,Free Shipping
Nvidia,GIGABYTE,RTX 3070 Ti,899,Free Shipping
Radeon,Sapphire,RX 6700 XT,599,$9.99 Shipping
Radeon,ASRock,RX 6500 XT,209,Free Shipping
Nvidia,ASUS,RTX 3080 Ti,"1,699",Free Shipping
Radeon,XFX,RX 6400,179,$6.34 Shipping
Radeon,XFX,RX 6700 XT,569,Free Shipping
Radeon,GIGABYTE,RX 6600,369,Free Shipping
Nvidia,GIGABYTE,RTX 3090 Ti,"2,199",$8.44 Shipping
Nvidia,MSI,RTX 3070 Ti,789,Free Shipping
Nvidia,MSI,RTX 3050,359,Free Shipping
Nvidia,MSI,GTX 1050 Ti,203,Free Shipping
Nvidia,MSI,RTX 3080,"1,059",Free Shipping
Nvidia,MSI,RTX 3080,"1,149",Free Shipping
Nvidia,MSI,RTX 3060,736,Free Shipping
Nvidia,ASUS,RTX 3080 Ti,"1,539",Free Shipping
Radeon,Sapphire,RX 6700 XT,579,Free Shipping
Radeon,SAPPHIRE,RX 6600 XT,469,Free Shipping
Radeon,ASRock,RX 6800,799,Free Shipping
Nvidia,GIGABYTE,RTX 3080 Ti,"1,449",Free Shipping
Nvidia,ASUS,RTX 3080,"1,399",Free Shipping
Radeon,SAPPHIRE,RX 6500 XT,209,Free Shipping
Radeon,MSI,RX 6800 XT,899,Free Shipping
Nvidia,EVGA,RTX 3080 Ti,"1,299",Free Shipping
Nvidia,MSI,GTX 1660,359,Free Shipping
Nvidia,ZOTAC,GTX 1660,329,Est. Shipping Fee $7.99
Radeon,XFX,RX 6600,369,$4.49 Shipping
Nvidia,GIGABYTE,RTX 3060 Ti,699,Free Shipping
Nvidia,ASUS,RTX 3090 Ti,"1,999",$9.99 Shipping
Nvidia,GIGABYTE,RTX 3070 Ti,852,Free Shipping
Nvidia,GIGABYTE,RTX 3080 Ti,"1,401",$49.99 Shipping
Nvidia,ZOTAC,RTX 3060 Ti,649,Free Shipping
Radeon,Yeston,RX6800XT 1,"1,099",Free Shipping
Nvidia,GIGABYTE,RTX 3070,859,Free Shipping
Radeon,Sapphire,RX 6600,359,$9.99 Shipping
Nvidia,GIGABYTE,RTX 3080,"1,093",Free Shipping
Nvidia,MSI,GTX 1660,389,$9.99 Shipping
Nvidia,MSI,RTX 2060,459,Free Shipping
Nvidia,ASUS,GTX 1660 Ti,349,Free Shipping
Nvidia,GIGABYTE,RTX 3050,419,Free Shipping
Nvidia,EVGA,RTX 3070 Ti,759,Free Shipping
Nvidia,ASUS,RTX 3090 Ti,"2,199",Free Shipping
Nvidia,GIGABYTE,RTX 3090 Ti,"2,149",Free Shipping
Radeon,GIGABYTE,RX 6800 XT,919,Free Shipping
Nvidia,ASUS,RTX 3080,"1,199",Free Shipping
Radeon,Yeston,RX6800XT 1,999,Free Shipping
Radeon,Biostar,RX 550 ,139,Free Shipping
Radeon,GIGABYTE,RX 6600 XT,479,Free Shipping
Nvidia,GIGABYTE,RTX 3080,"1,199",Free Shipping
Nvidia,GIGABYTE,RTX 3080,"1,229",$9.99 Shipping
Nvidia,GIGABYTE,RTX 3080 Ti,"1,402",Free Shipping
Nvidia,ASUS,RTX 2060,429,Free Shipping
Radeon,Sapphire,RX 6800,819,$7.77 Shipping
Radeon,SAPPHIRE,RX 6600,379,Free Shipping
Nvidia,MSI,GTX 1650,229,$9.99 Shipping
Nvidia,ASUS,RTX 3080,"1,348",Free Shipping
Nvidia,GIGABYTE,RTX 3090,"1,999",$9.99 Shipping
Radeon,GIGABYTE,RX 6900 XT,"1,099",Free Shipping
Nvidia,ASUS,RTX 3050,429,Free Shipping
Radeon,GIGABYTE,RX 6500 XT,239,Free Shipping
Radeon,ASRock,RX 6900 XT,"1,149",Free Shipping
Radeon,GIGABYTE,RX 6700 XT,599,Free Shipping
Radeon,MSI,RX 6700 XT,589,Free Shipping
Radeon,XFX,RX 6600 XT,429,Free Shipping
Nvidia,MSI,RTX 3050,329,Free Shipping
Nvidia,MSI,RTX 3060 Ti,579,Free Shipping
Nvidia,GIGABYTE,RTX 3060 Ti,599,Free Shipping
Radeon,ASRock,RX 6600,335,Free Shipping
Radeon,ASRock,RX 6700 XT,528,Free Shipping
Radeon,MSI,RX 6600,339,Free Shipping
Nvidia,MSI,RTX 3070 Ti,809,Free Shipping
Nvidia,GIGABYTE,RTX 3080 Ti,"1,429",Free Shipping
Nvidia,GIGABYTE,RTX 3080,949,Free Shipping
Nvidia,GIGABYTE,RTX 3060,519,Free Shipping
Radeon,Yeston,RX6700XT 1,769,Free Shipping
Nvidia,EVGA,RTX 3090 Ti,"2,199",$9.99 Shipping
Nvidia,EVGA,RTX 3090,"1,699",$9.99 Shipping
Nvidia,GIGABYTE,RTX 3060,499,$9.99 Shipping
Radeon,SAPPHIRE,RX 6900 XT,"1,189",Free Shipping
Radeon,SAPPHIRE,RX 6800 XT,859,$9.99 Shipping
Radeon,ASRock,RX 6400,169,Free Shipping
Nvidia,GIGABYTE,RTX 3090 Ti,"1,999",Free Shipping
Nvidia,MSI,RTX 3090,"1,679",Free Shipping
Nvidia,MSI,RTX 3060 Ti,589,$9.99 Shipping
Nvidia,ZOTAC,RTX 3070 Ti,769,Free Shipping
Nvidia,MSI,RTX 3060,409,$9.99 Shipping
Nvidia,MSI,RTX 3090 Ti,"1,999",Free Shipping
Nvidia,MSI,RTX 3080,999,Free Shipping
Radeon,MSI,RX 6900 XT,"1,069",$9.99 Shipping
Nvidia,ASUS,RTX 3050,379,Free Shipping
Nvidia,ASUS,RTX 3070 Ti,899,Free Shipping
Nvidia,ASUS,RTX 2060,389,Free Shipping
Nvidia,GIGABYTE,RTX 3080,999,Free Shipping
Nvidia,GIGABYTE,RTX 3070 Ti,799,Free Shipping
Radeon,ASRock,RX 6600 XT,419,Free Shipping
Radeon,MSI,RX 6700 XT,529,Free Shipping
Nvidia,MSI,RTX 3070 Ti,819,Free Shipping
Nvidia,GIGABYTE,RTX 3070 Ti,899,Free Shipping
Radeon,Sapphire,RX 6700 XT,599,$9.99 Shipping
Radeon,ASRock,RX 6500 XT,209,Free Shipping
Nvidia,ASUS,RTX 3080 Ti,"1,699",Free Shipping
Radeon,XFX,RX 6400,179,$6.34 Shipping
Radeon,XFX,RX 6700 XT,569,Free Shipping
Radeon,GIGABYTE,RX 6600,369,Free Shipping
Nvidia,GIGABYTE,RTX 3090 Ti,"2,199",$8.44 Shipping
Nvidia,MSI,RTX 3070 Ti,789,Free Shipping
Nvidia,MSI,RTX 3050,359,Free Shipping
Nvidia,MSI,GTX 1050 Ti,203,Free Shipping
Nvidia,MSI,RTX 3080,"1,059",Free Shipping
Nvidia,MSI,RTX 3080,"1,149",Free Shipping
Nvidia,MSI,RTX 3060,736,Free Shipping
Nvidia,ASUS,RTX 3080 Ti,"1,539",Free Shipping
Radeon,Sapphire,RX 6700 XT,579,Free Shipping
Radeon,SAPPHIRE,RX 6600 XT,469,Free Shipping
Radeon,ASRock,RX 6800,799,Free Shipping
Nvidia,GIGABYTE,RTX 3080 Ti,"1,449",Free Shipping
Nvidia,ASUS,RTX 3080,"1,399",Free Shipping
Radeon,SAPPHIRE,RX 6500 XT,209,Free Shipping
Radeon,MSI,RX 6800 XT,899,Free Shipping
Nvidia,EVGA,RTX 3080 Ti,"1,299",Free Shipping
Nvidia,MSI,GTX 1660,359,Free Shipping
Nvidia,ZOTAC,GTX 1660,329,Est. Shipping Fee $7.99
Radeon,XFX,RX 6600,369,$4.49 Shipping
Nvidia,GIGABYTE,RTX 3060 Ti,699,Free Shipping
Nvidia,ASUS,RTX 3090 Ti,"1,999",$9.99 Shipping
Nvidia,GIGABYTE,RTX 3070 Ti,852,Free Shipping
Nvidia,GIGABYTE,RTX 3080 Ti,"1,401",$49.99 Shipping
Nvidia,ZOTAC,RTX 3060 Ti,649,Free Shipping
Radeon,Yeston,RX6800XT 1,"1,099",Free Shipping
Nvidia,GIGABYTE,RTX 3070,859,Free Shipping
Radeon,Sapphire,RX 6600,359,$9.99 Shipping
Nvidia,GIGABYTE,RTX 3080,"1,093",Free Shipping
Nvidia,MSI,GTX 1660,389,$9.99 Shipping
Nvidia,MSI,RTX 2060,459,Free Shipping
Nvidia,ASUS,GTX 1660 Ti,349,Free Shipping
Nvidia,GIGABYTE,RTX 3050,419,Free Shipping
Nvidia,EVGA,RTX 3070 Ti,759,Free Shipping
Nvidia,ASUS,RTX 3090 Ti,"2,199",Free Shipping
Nvidia,GIGABYTE,RTX 3090 Ti,"2,149",Free Shipping
Radeon,GIGABYTE,RX 6800 XT,919,Free Shipping
Nvidia,ASUS,RTX 3080,"1,199",Free Shipping
Radeon,Yeston,RX6800XT 1,999,Free Shipping
Radeon,Biostar,RX 550 ,139,Free Shipping
Radeon,GIGABYTE,RX 6600 XT,479,Free Shipping
Nvidia,GIGABYTE,RTX 3080,"1,199",Free Shipping
Nvidia,GIGABYTE,RTX 3080,"1,229",$9.99 Shipping
Nvidia,GIGABYTE,RTX 3080 Ti,"1,402",Free Shipping
Nvidia,ASUS,RTX 2060,429,Free Shipping
Radeon,Sapphire,RX 6800,819,$7.77 Shipping
Radeon,SAPPHIRE,RX 6600,379,Free Shipping
Nvidia,MSI,GTX 1650,229,$9.99 Shipping
Nvidia,ASUS,RTX 3080,"1,348",Free Shipping
Nvidia,GIGABYTE,RTX 3090,"1,999",$9.99 Shipping
Radeon,GIGABYTE,RX 6900 XT,"1,099",Free Shipping
Nvidia,ASUS,RTX 3050,429,Free Shipping
Radeon,GIGABYTE,RX 6500 XT,239,Free Shipping
Radeon,ASRock,RX 6900 XT,"1,149",Free Shipping
Radeon,GIGABYTE,RX 6700 XT,599,Free Shipping
Radeon,MSI,RX 6700 XT,589,Free Shipping
Radeon,XFX,RX 6600 XT,429,Free Shipping
Nvidia,MSI,RTX 3050,329,Free Shipping
Nvidia,MSI,RTX 3060 Ti,579,Free Shipping
Nvidia,GIGABYTE,RTX 3060 Ti,599,Free Shipping
Radeon,ASRock,RX 6600,335,Free Shipping
Radeon,ASRock,RX 6700 XT,528,Free Shipping
Radeon,MSI,RX 6600,339,Free Shipping
Nvidia,MSI,RTX 3070 Ti,809,Free Shipping
Nvidia,GIGABYTE,RTX 3080 Ti,"1,429",Free Shipping
Nvidia,GIGABYTE,RTX 3080,949,Free Shipping
Nvidia,GIGABYTE,RTX 3060,519,Free Shipping
Radeon,Yeston,RX6700XT 1,769,Free Shipping
Nvidia,EVGA,RTX 3090 Ti,"2,199",$9.99 Shipping
Radeon,Sapphire,RX 6900 XT,"1,079",$9.99 Shipping
Nvidia,EVGA,RTX 3090,"1,699",$9.99 Shipping
Nvidia,GIGABYTE,RTX 3060,499,$9.99 Shipping
Radeon,SAPPHIRE,RX 6900 XT,"1,189",Free Shipping
Radeon,SAPPHIRE,RX 6800 XT,859,$9.99 Shipping
Radeon,ASRock,RX 6400,169,Free Shipping
Nvidia,GIGABYTE,RTX 3090 Ti,"1,999",Free Shipping
Nvidia,MSI,RTX 3090,"1,679",Free Shipping
Nvidia,MSI,RTX 3060 Ti,589,$9.99 Shipping
Nvidia,ZOTAC,RTX 3070 Ti,769,Free Shipping
Nvidia,MSI,RTX 3060,409,$9.99 Shipping
Nvidia,MSI,RTX 3090 Ti,"1,999",Free Shipping
Nvidia,MSI,RTX 3080,999,Free Shipping
Radeon,MSI,RX 6900 XT,"1,069",$9.99 Shipping
Nvidia,ASUS,RTX 3050,379,Free Shipping
Nvidia,ASUS,RTX 3070 Ti,899,Free Shipping
Nvidia,ASUS,RTX 2060,389,Free Shipping
Nvidia,GIGABYTE,RTX 3080,999,Free Shipping
Nvidia,GIGABYTE,RTX 3070 Ti,799,Free Shipping
Radeon,ASRock,RX 6600 XT,419,Free Shipping
Radeon,MSI,RX 6700 XT,529,Free Shipping
Nvidia,MSI,RTX 3070 Ti,819,Free Shipping
Nvidia,GIGABYTE,RTX 3070 Ti,899,Free Shipping
Radeon,Sapphire,RX 6700 XT,599,$9.99 Shipping
Radeon,ASRock,RX 6500 XT,209,Free Shipping
Nvidia,ASUS,RTX 3080 Ti,"1,699",Free Shipping
Radeon,XFX,RX 6400,179,$6.34 Shipping
Radeon,XFX,RX 6700 XT,569,Free Shipping
Radeon,GIGABYTE,RX 6600,369,Free Shipping
Nvidia,GIGABYTE,RTX 3090 Ti,"2,199",$8.44 Shipping
Nvidia,MSI,RTX 3070 Ti,789,Free Shipping
Nvidia,MSI,RTX 3050,359,Free Shipping
Nvidia,MSI,GTX 1050 Ti,203,Free Shipping
Nvidia,MSI,RTX 3080,"1,059",Free Shipping
Nvidia,MSI,RTX 3080,"1,149",Free Shipping
Nvidia,MSI,RTX 3060,736,Free Shipping
Nvidia,ASUS,RTX 3080 Ti,"1,539",Free Shipping
Radeon,Sapphire,RX 6700 XT,579,Free Shipping
Radeon,SAPPHIRE,RX 6600 XT,469,Free Shipping
Radeon,ASRock,RX 6800,799,Free Shipping
Nvidia,GIGABYTE,RTX 3080 Ti,"1,449",Free Shipping
Nvidia,ASUS,RTX 3080,"1,399",Free Shipping
Radeon,SAPPHIRE,RX 6500 XT,209,Free Shipping
Radeon,MSI,RX 6800 XT,899,Free Shipping
Nvidia,EVGA,RTX 3080 Ti,"1,299",Free Shipping
Nvidia,MSI,GTX 1660,359,Free Shipping
Nvidia,ZOTAC,GTX 1660,329,Est. Shipping Fee $7.99
Radeon,XFX,RX 6600,369,$4.49 Shipping
Nvidia,GIGABYTE,RTX 3060 Ti,699,Free Shipping
Nvidia,ASUS,RTX 3090 Ti,"1,999",$9.99 Shipping
Nvidia,GIGABYTE,RTX 3070 Ti,852,Free Shipping
Nvidia,GIGABYTE,RTX 3080 Ti,"1,401",$49.99 Shipping
Nvidia,ZOTAC,RTX 3060 Ti,649,Free Shipping
Radeon,Yeston,RX6800XT 1,"1,099",Free Shipping
Nvidia,GIGABYTE,RTX 3070,859,Free Shipping
Radeon,Sapphire,RX 6600,359,$9.99 Shipping
Nvidia,GIGABYTE,RTX 3080,"1,093",Free Shipping
Nvidia,MSI,GTX 1660,389,$9.99 Shipping
Nvidia,MSI,RTX 2060,459,Free Shipping
Nvidia,ASUS,GTX 1660 Ti,349,Free Shipping
Nvidia,GIGABYTE,RTX 3050,419,Free Shipping
Nvidia,EVGA,RTX 3070 Ti,759,Free Shipping
Nvidia,ASUS,RTX 3090 Ti,"2,199",Free Shipping
Nvidia,GIGABYTE,RTX 3090 Ti,"2,149",Free Shipping
Radeon,GIGABYTE,RX 6800 XT,919,Free Shipping
Nvidia,ASUS,RTX 3080,"1,199",Free Shipping
Radeon,Yeston,RX6800XT 1,999,Free Shipping
Radeon,Biostar,RX 550 ,139,Free Shipping
Radeon,GIGABYTE,RX 6600 XT,479,Free Shipping
Nvidia,GIGABYTE,RTX 3080,"1,199",Free Shipping
Nvidia,GIGABYTE,RTX 3080,"1,229",$9.99 Shipping
Nvidia,GIGABYTE,RTX 3080 Ti,"1,402",Free Shipping
Nvidia,ASUS,RTX 2060,429,Free Shipping
Radeon,Sapphire,RX 6800,819,$7.77 Shipping
Radeon,SAPPHIRE,RX 6600,379,Free Shipping
Nvidia,GIGABYTE,RTX 3070,729,Free Shipping
Nvidia,GIGABYTE,RTX 3090,"1,999",$9.99 Shipping
Radeon,GIGABYTE,RX 6900 XT,"1,099",Free Shipping
Nvidia,ASUS,RTX 3050,429,Free Shipping
Radeon,GIGABYTE,RX 6500 XT,239,Free Shipping
Radeon,ASRock,RX 6900 XT,"1,149",Free Shipping
Radeon,GIGABYTE,RX 6700 XT,599,Free Shipping
Radeon,MSI,RX 6700 XT,589,Free Shipping
Radeon,XFX,RX 6600 XT,429,Free Shipping
Nvidia,MSI,RTX 3050,329,Free Shipping
Nvidia,MSI,RTX 3060 Ti,579,Free Shipping
Nvidia,GIGABYTE,RTX 3060 Ti,599,Free Shipping
Radeon,ASRock,RX 6600,335,Free Shipping
Radeon,ASRock,RX 6700 XT,528,Free Shipping
Radeon,MSI,RX 6600,339,Free Shipping
Nvidia,MSI,RTX 3070 Ti,809,Free Shipping
Nvidia,GIGABYTE,RTX 3080 Ti,"1,429",Free Shipping
Nvidia,GIGABYTE,RTX 3080,949,Free Shipping
Nvidia,GIGABYTE,RTX 3060,519,Free Shipping
Radeon,Yeston,RX6700XT 1,769,Free Shipping
Nvidia,EVGA,RTX 3090 Ti,"2,199",$9.99 Shipping
Radeon,Sapphire,RX 6900 XT,"1,079",$9.99 Shipping
Nvidia,EVGA,RTX 3090,"1,699",$9.99 Shipping
Nvidia,GIGABYTE,RTX 3060,499,$9.99 Shipping
Radeon,SAPPHIRE,RX 6900 XT,"1,189",Free Shipping
Radeon,SAPPHIRE,RX 6800 XT,859,$9.99 Shipping
Radeon,ASRock,RX 6400,169,Free Shipping
Nvidia,GIGABYTE,RTX 3090 Ti,"1,999",Free Shipping
Nvidia,MSI,RTX 3090,"1,679",Free Shipping
Nvidia,MSI,RTX 3060 Ti,589,$9.99 Shipping
Nvidia,ZOTAC,RTX 3070 Ti,769,Free Shipping
Nvidia,MSI,RTX 3060,409,$9.99 Shipping
Nvidia,MSI,RTX 3090 Ti,"1,999",Free Shipping
Nvidia,MSI,RTX 3080,999,Free Shipping
Radeon,MSI,RX 6900 XT,"1,069",$9.99 Shipping
Nvidia,ASUS,RTX 3050,379,Free Shipping
Nvidia,ASUS,RTX 3070 Ti,899,Free Shipping
Nvidia,ASUS,RTX 2060,389,Free Shipping
Nvidia,GIGABYTE,RTX 3080,999,Free Shipping
Nvidia,GIGABYTE,RTX 3070 Ti,799,Free Shipping
Radeon,ASRock,RX 6600 XT,419,Free Shipping
Radeon,MSI,RX 6700 XT,529,Free Shipping
Nvidia,MSI,RTX 3070 Ti,819,Free Shipping
Nvidia,GIGABYTE,RTX 3070 Ti,899,Free Shipping
Radeon,Sapphire,RX 6700 XT,599,$9.99 Shipping
Radeon,ASRock,RX 6500 XT,209,Free Shipping
Nvidia,ASUS,RTX 3080 Ti,"1,699",Free Shipping
Radeon,XFX,RX 6400,179,$6.34 Shipping
Radeon,XFX,RX 6700 XT,569,Free Shipping
Radeon,GIGABYTE,RX 6600,369,Free Shipping
Nvidia,GIGABYTE,RTX 3090 Ti,"2,199",$8.44 Shipping
Nvidia,MSI,RTX 3070 Ti,789,Free Shipping
Nvidia,MSI,RTX 3050,359,Free Shipping
Nvidia,MSI,GTX 1050 Ti,203,Free Shipping
Nvidia,MSI,RTX 3080,"1,059",Free Shipping
Nvidia,MSI,RTX 3080,"1,149",Free Shipping
Nvidia,MSI,RTX 3060,736,Free Shipping
Nvidia,ASUS,RTX 3080 Ti,"1,539",Free Shipping
Radeon,Sapphire,RX 6700 XT,579,Free Shipping
Radeon,SAPPHIRE,RX 6600 XT,469,Free Shipping
Radeon,ASRock,RX 6800,799,Free Shipping
Nvidia,GIGABYTE,RTX 3080 Ti,"1,449",Free Shipping
Nvidia,ASUS,RTX 3080,"1,399",Free Shipping
Radeon,SAPPHIRE,RX 6500 XT,209,Free Shipping
Radeon,MSI,RX 6800 XT,899,Free Shipping
Nvidia,EVGA,RTX 3080 Ti,"1,299",Free Shipping
Nvidia,MSI,GTX 1660,359,Free Shipping
Nvidia,ZOTAC,GTX 1660,329,Est. Shipping Fee $7.99
Radeon,XFX,RX 6600,369,$4.49 Shipping
Nvidia,GIGABYTE,RTX 3060 Ti,699,Free Shipping
Nvidia,ASUS,RTX 3090 Ti,"1,999",$9.99 Shipping
Nvidia,GIGABYTE,RTX 3070 Ti,852,Free Shipping
Nvidia,GIGABYTE,RTX 3080 Ti,"1,401",$49.99 Shipping
Nvidia,ZOTAC,RTX 3060 Ti,649,Free Shipping
Radeon,Yeston,RX6800XT 1,"1,099",Free Shipping
Nvidia,GIGABYTE,RTX 3070,859,Free Shipping
Radeon,Sapphire,RX 6600,359,$9.99 Shipping
Nvidia,GIGABYTE,RTX 3080,"1,093",Free Shipping
Nvidia,MSI,GTX 1660,389,$9.99 Shipping
Nvidia,MSI,RTX 2060,459,Free Shipping
Nvidia,ASUS,GTX 1660 Ti,349,Free Shipping
Nvidia,GIGABYTE,RTX 3050,419,Free Shipping
Nvidia,EVGA,RTX 3070 Ti,759,Free Shipping
Nvidia,ASUS,RTX 3090 Ti,"2,199",Free Shipping
Nvidia,GIGABYTE,RTX 3090 Ti,"2,149",Free Shipping
Radeon,GIGABYTE,RX 6800 XT,919,Free Shipping
Nvidia,ASUS,RTX 3080,"1,199",Free Shipping
Radeon,Yeston,RX6800XT 1,999,Free Shipping
Radeon,Biostar,RX 550 ,139,Free Shipping
Radeon,GIGABYTE,RX 6600 XT,479,Free Shipping
Nvidia,GIGABYTE,RTX 3080,"1,199",Free Shipping
Nvidia,GIGABYTE,RTX 3080,"1,229",$9.99 Shipping
Nvidia,GIGABYTE,RTX 3080 Ti,"1,402",Free Shipping
Nvidia,ASUS,RTX 2060,429,Free Shipping
Radeon,Sapphire,RX 6800,819,$7.77 Shipping
Radeon,SAPPHIRE,RX 6600,379,Free Shipping
Nvidia,GIGABYTE,RTX 3070,729,Free Shipping
Nvidia,GIGABYTE,RTX 3090,"1,999",$9.99 Shipping
Radeon,GIGABYTE,RX 6900 XT,"1,099",Free Shipping
Nvidia,ASUS,RTX 3050,429,Free Shipping
Radeon,GIGABYTE,RX 6500 XT,239,Free Shipping
Radeon,ASRock,RX 6900 XT,"1,149",Free Shipping
Radeon,GIGABYTE,RX 6700 XT,599,Free Shipping
Radeon,MSI,RX 6700 XT,589,Free Shipping
Radeon,XFX,RX 6600 XT,429,Free Shipping
Nvidia,MSI,RTX 3050,329,Free Shipping
Nvidia,MSI,RTX 3060 Ti,579,Free Shipping
Nvidia,GIGABYTE,RTX 3060 Ti,599,Free Shipping
Radeon,ASRock,RX 6600,335,Free Shipping
Radeon,ASRock,RX 6700 XT,528,Free Shipping
Radeon,MSI,RX 6600,339,Free Shipping
Nvidia,MSI,RTX 3070 Ti,809,Free Shipping
Nvidia,GIGABYTE,RTX 3080 Ti,"1,429",Free Shipping
Nvidia,GIGABYTE,RTX 3080,949,Free Shipping
Nvidia,GIGABYTE,RTX 3060,519,Free Shipping
Radeon,Yeston,RX6700XT 1,769,Free Shipping
Nvidia,EVGA,RTX 3090 Ti,"2,199",$9.99 Shipping
Radeon,Sapphire,RX 6900 XT,"1,079",$9.99 Shipping
Nvidia,EVGA,RTX 3090,"1,699",$9.99 Shipping
Nvidia,GIGABYTE,RTX 3060,499,$9.99 Shipping
Radeon,SAPPHIRE,RX 6900 XT,"1,189",Free Shipping
Radeon,SAPPHIRE,RX 6800 XT,859,$9.99 Shipping
Radeon,ASRock,RX 6400,169,Free Shipping
Nvidia,GIGABYTE,RTX 3090 Ti,"1,999",Free Shipping
Nvidia,MSI,RTX 3090,"1,679",Free Shipping
Nvidia,MSI,RTX 3060 Ti,589,$9.99 Shipping
Nvidia,ZOTAC,RTX 3070 Ti,769,Free Shipping
Nvidia,MSI,RTX 3060,409,$9.99 Shipping
Nvidia,MSI,RTX 3090 Ti,"1,999",Free Shipping
Nvidia,MSI,RTX 3080,999,Free Shipping
Radeon,MSI,RX 6900 XT,"1,069",$9.99 Shipping
Nvidia,ASUS,RTX 3050,379,Free Shipping
Nvidia,ASUS,RTX 3070 Ti,899,Free Shipping
Nvidia,ASUS,RTX 2060,389,Free Shipping
Nvidia,GIGABYTE,RTX 3080,999,Free Shipping
Nvidia,GIGABYTE,RTX 3070 Ti,799,Free Shipping
Radeon,ASRock,RX 6600 XT,419,Free Shipping
Radeon,MSI,RX 6700 XT,529,Free Shipping
Nvidia,MSI,RTX 3070 Ti,819,Free Shipping
Nvidia,GIGABYTE,RTX 3070 Ti,899,Free Shipping
Radeon,Sapphire,RX 6700 XT,599,$9.99 Shipping
Radeon,ASRock,RX 6500 XT,209,Free Shipping
Nvidia,ASUS,RTX 3080 Ti,"1,699",Free Shipping
Radeon,XFX,RX 6400,179,$6.34 Shipping
Radeon,XFX,RX 6700 XT,569,Free Shipping
Radeon,GIGABYTE,RX 6600,369,Free Shipping
Nvidia,GIGABYTE,RTX 3090 Ti,"2,199",$8.44 Shipping
Nvidia,MSI,RTX 3070 Ti,789,Free Shipping
Nvidia,MSI,RTX 3050,359,Free Shipping
Nvidia,MSI,GTX 1050 Ti,203,Free Shipping
Nvidia,MSI,RTX 3080,"1,059",Free Shipping
Nvidia,MSI,RTX 3080,"1,149",Free Shipping
Nvidia,MSI,RTX 3060,736,Free Shipping
Nvidia,ASUS,RTX 3080 Ti,"1,539",Free Shipping
Radeon,Sapphire,RX 6700 XT,579,Free Shipping
Radeon,SAPPHIRE,RX 6600 XT,469,Free Shipping
Radeon,ASRock,RX 6800,799,Free Shipping
Nvidia,GIGABYTE,RTX 3080 Ti,"1,449",Free Shipping
Nvidia,ASUS,RTX 3080,"1,399",Free Shipping
Radeon,SAPPHIRE,RX 6500 XT,209,Free Shipping
Radeon,MSI,RX 6800 XT,899,Free Shipping
Nvidia,EVGA,RTX 3080 Ti,"1,299",Free Shipping
Nvidia,MSI,GTX 1660,359,Free Shipping
Nvidia,ZOTAC,GTX 1660,329,Est. Shipping Fee $7.99
Radeon,XFX,RX 6600,369,$4.49 Shipping
Nvidia,GIGABYTE,RTX 3060 Ti,699,Free Shipping
Nvidia,ASUS,RTX 3090 Ti,"1,999",$9.99 Shipping
Nvidia,GIGABYTE,RTX 3070 Ti,852,Free Shipping
Nvidia,GIGABYTE,RTX 3080 Ti,"1,401",$49.99 Shipping
Nvidia,ZOTAC,RTX 3060 Ti,649,Free Shipping
Radeon,Yeston,RX6800XT 1,"1,099",Free Shipping
Nvidia,GIGABYTE,RTX 3070,859,Free Shipping
Radeon,Sapphire,RX 6600,359,$9.99 Shipping
Nvidia,GIGABYTE,RTX 3080,"1,093",Free Shipping
Nvidia,MSI,GTX 1660,389,$9.99 Shipping
Nvidia,MSI,RTX 2060,459,Free Shipping
Nvidia,ASUS,GTX 1660 Ti,349,Free Shipping
Nvidia,GIGABYTE,RTX 3050,419,Free Shipping
Nvidia,EVGA,RTX 3070 Ti,759,Free Shipping
Nvidia,ASUS,RTX 3090 Ti,"2,199",Free Shipping
Nvidia,GIGABYTE,RTX 3090 Ti,"2,149",Free Shipping
Radeon,GIGABYTE,RX 6800 XT,919,Free Shipping
Nvidia,ASUS,RTX 3080,"1,199",Free Shipping
Radeon,Yeston,RX6800XT 1,999,Free Shipping
Radeon,Biostar,RX 550 ,139,Free Shipping
Radeon,GIGABYTE,RX 6600 XT,479,Free Shipping
Nvidia,GIGABYTE,RTX 3080,"1,199",Free Shipping
Nvidia,GIGABYTE,RTX 3080,"1,229",$9.99 Shipping
Nvidia,GIGABYTE,RTX 3080 Ti,"1,402",Free Shipping
Nvidia,ASUS,RTX 2060,429,Free Shipping
Radeon,Sapphire,RX 6800,819,$7.77 Shipping
Radeon,SAPPHIRE,RX 6600,379,Free Shipping
Nvidia,GIGABYTE,RTX 3070,729,Free Shipping
Nvidia,GIGABYTE,RTX 3090,"1,999",$9.99 Shipping
Radeon,GIGABYTE,RX 6900 XT,"1,099",Free Shipping
Nvidia,ASUS,RTX 3050,429,Free Shipping
Radeon,GIGABYTE,RX 6500 XT,239,Free Shipping
Radeon,ASRock,RX 6900 XT,"1,149",Free Shipping
Radeon,GIGABYTE,RX 6700 XT,599,Free Shipping
Radeon,MSI,RX 6700 XT,589,Free Shipping
Radeon,XFX,RX 6600 XT,429,Free Shipping
Nvidia,MSI,RTX 3050,329,Free Shipping
Nvidia,MSI,RTX 3060 Ti,579,Free Shipping
Nvidia,GIGABYTE,RTX 3060 Ti,599,Free Shipping
Radeon,ASRock,RX 6600,335,Free Shipping
Radeon,ASRock,RX 6700 XT,528,Free Shipping
Radeon,MSI,RX 6600,339,Free Shipping
Nvidia,MSI,RTX 3070 Ti,809,Free Shipping
Nvidia,GIGABYTE,RTX 3080 Ti,"1,429",Free Shipping
Nvidia,GIGABYTE,RTX 3080,949,Free Shipping
Nvidia,GIGABYTE,RTX 3060,519,Free Shipping
Radeon,Yeston,RX6700XT 1,769,Free Shipping
Nvidia,EVGA,RTX 3090 Ti,"2,199",$9.99 Shipping
Radeon,Sapphire,RX 6900 XT,"1,079",$9.99 Shipping
Nvidia,EVGA,RTX 3090,"1,699",$9.99 Shipping
Nvidia,GIGABYTE,RTX 3060,499,$9.99 Shipping
Radeon,SAPPHIRE,RX 6900 XT,"1,189",Free Shipping
Radeon,SAPPHIRE,RX 6800 XT,859,$9.99 Shipping
Radeon,ASRock,RX 6400,169,Free Shipping
Nvidia,GIGABYTE,RTX 3090 Ti,"1,999",Free Shipping
Nvidia,MSI,RTX 3090,"1,679",Free Shipping
Nvidia,MSI,RTX 3060 Ti,589,$9.99 Shipping
Nvidia,ZOTAC,RTX 3070 Ti,769,Free Shipping
Nvidia,MSI,RTX 3060,409,$9.99 Shipping
Nvidia,MSI,RTX 3090 Ti,"1,999",Free Shipping
Nvidia,MSI,RTX 3080,999,Free Shipping
Radeon,MSI,RX 6900 XT,"1,069",$9.99 Shipping
Nvidia,ASUS,RTX 3050,379,Free Shipping
Nvidia,ASUS,RTX 3070 Ti,899,Free Shipping
Nvidia,ASUS,RTX 2060,389,Free Shipping
Nvidia,GIGABYTE,RTX 3080,999,Free Shipping
Nvidia,GIGABYTE,RTX 3070 Ti,799,Free Shipping
Radeon,ASRock,RX 6600 XT,419,Free Shipping
Radeon,MSI,RX 6700 XT,529,Free Shipping
Nvidia,MSI,RTX 3070 Ti,819,Free Shipping
Nvidia,GIGABYTE,RTX 3070 Ti,899,Free Shipping
Radeon,Sapphire,RX 6700 XT,599,$9.99 Shipping
Radeon,ASRock,RX 6500 XT,209,Free Shipping
Nvidia,ASUS,RTX 3080 Ti,"1,699",Free Shipping
Radeon,XFX,RX 6400,179,$6.34 Shipping
Radeon,XFX,RX 6700 XT,569,Free Shipping
Radeon,GIGABYTE,RX 6600,369,Free Shipping
Nvidia,GIGABYTE,RTX 3090 Ti,"2,199",$8.44 Shipping
Nvidia,MSI,RTX 3070 Ti,789,Free Shipping
Nvidia,MSI,RTX 3050,359,Free Shipping
Nvidia,MSI,GTX 1050 Ti,203,Free Shipping
Nvidia,MSI,RTX 3080,"1,059",Free Shipping
Nvidia,MSI,RTX 3080,"1,149",Free Shipping
Nvidia,MSI,RTX 3060,736,Free Shipping
Nvidia,ASUS,RTX 3080 Ti,"1,539",Free Shipping
Radeon,Sapphire,RX 6700 XT,579,Free Shipping
Radeon,SAPPHIRE,RX 6600 XT,469,Free Shipping
Radeon,ASRock,RX 6800,799,Free Shipping
Nvidia,GIGABYTE,RTX 3080 Ti,"1,449",Free Shipping
Nvidia,ASUS,RTX 3080,"1,399",Free Shipping
Radeon,SAPPHIRE,RX 6500 XT,209,Free Shipping
Radeon,MSI,RX 6800 XT,899,Free Shipping
Nvidia,EVGA,RTX 3080 Ti,"1,299",Free Shipping
Nvidia,MSI,GTX 1660,359,Free Shipping
Nvidia,ZOTAC,GTX 1660,329,Est. Shipping Fee $7.99
Radeon,XFX,RX 6600,369,$4.49 Shipping
Nvidia,GIGABYTE,RTX 3060 Ti,699,Free Shipping
Nvidia,ASUS,RTX 3090 Ti,"1,999",$9.99 Shipping
Nvidia,GIGABYTE,RTX 3070 Ti,852,Free Shipping
Nvidia,GIGABYTE,RTX 3080 Ti,"1,401",$49.99 Shipping
Nvidia,ZOTAC,RTX 3060 Ti,649,Free Shipping
Radeon,Yeston,RX6800XT 1,"1,099",Free Shipping
Nvidia,GIGABYTE,RTX 3070,859,Free Shipping
Radeon,Sapphire,RX 6600,359,$9.99 Shipping
Nvidia,GIGABYTE,RTX 3080,"1,093",Free Shipping
Nvidia,MSI,GTX 1660,389,$9.99 Shipping
Nvidia,MSI,RTX 2060,459,Free Shipping
Nvidia,ASUS,GTX 1660 Ti,349,Free Shipping
Nvidia,GIGABYTE,RTX 3050,419,Free Shipping
Nvidia,EVGA,RTX 3070 Ti,759,Free Shipping
Nvidia,ASUS,RTX 3090 Ti,"2,199",Free Shipping
Nvidia,GIGABYTE,RTX 3090 Ti,"2,149",Free Shipping
Radeon,GIGABYTE,RX 6800 XT,919,Free Shipping
Nvidia,ASUS,RTX 3080,"1,199",Free Shipping
Radeon,Yeston,RX6800XT 1,999,Free Shipping
Radeon,Biostar,RX 550 ,139,Free Shipping
Radeon,GIGABYTE,RX 6600 XT,479,Free Shipping
Nvidia,GIGABYTE,RTX 3080,"1,199",Free Shipping
Nvidia,GIGABYTE,RTX 3080,"1,229",$9.99 Shipping
Nvidia,GIGABYTE,RTX 3080 Ti,"1,402",Free Shipping
Nvidia,ASUS,RTX 2060,429,Free Shipping
Radeon,Sapphire,RX 6800,819,$7.77 Shipping
Radeon,SAPPHIRE,RX 6600,379,Free Shipping
Nvidia,GIGABYTE,RTX 3070,729,Free Shipping
Nvidia,GIGABYTE,RTX 3090,"1,999",$9.99 Shipping
Radeon,GIGABYTE,RX 6900 XT,"1,099",Free Shipping
Nvidia,ASUS,RTX 3050,429,Free Shipping
Radeon,GIGABYTE,RX 6500 XT,239,Free Shipping
Radeon,ASRock,RX 6900 XT,"1,149",Free Shipping
Radeon,GIGABYTE,RX 6700 XT,599,Free Shipping
Radeon,MSI,RX 6700 XT,589,Free Shipping
Radeon,XFX,RX 6600 XT,429,Free Shipping
Nvidia,MSI,RTX 3050,329,Free Shipping
Nvidia,MSI,RTX 3060 Ti,579,Free Shipping
Nvidia,GIGABYTE,RTX 3060 Ti,599,Free Shipping
Radeon,ASRock,RX 6600,335,Free Shipping
Radeon,ASRock,RX 6700 XT,528,Free Shipping
Radeon,MSI,RX 6600,339,Free Shipping
Nvidia,MSI,RTX 3070 Ti,809,Free Shipping
Nvidia,GIGABYTE,RTX 3080 Ti,"1,429",Free Shipping
Nvidia,GIGABYTE,RTX 3080,949,Free Shipping
Nvidia,GIGABYTE,RTX 3060,519,Free Shipping
Radeon,Yeston,RX6700XT 1,769,Free Shipping
Nvidia,EVGA,RTX 3090 Ti,"2,199",$9.99 Shipping
Nvidia,EVGA,RTX 3090,"1,699",$9.99 Shipping
Nvidia,GIGABYTE,RTX 3060,499,$9.99 Shipping
Radeon,SAPPHIRE,RX 6900 XT,"1,189",Free Shipping
Radeon,SAPPHIRE,RX 6800 XT,859,$9.99 Shipping
Radeon,ASRock,RX 6400,169,Free Shipping
Nvidia,GIGABYTE,RTX 3090 Ti,"1,999",Free Shipping
Nvidia,MSI,RTX 3090,"1,679",Free Shipping
Nvidia,MSI,RTX 3060 Ti,589,$9.99 Shipping
Nvidia,ZOTAC,RTX 3070 Ti,769,Free Shipping
Nvidia,MSI,RTX 3060,409,$9.99 Shipping
Nvidia,MSI,RTX 3090 Ti,"1,999",Free Shipping
Nvidia,MSI,RTX 3080,999,Free Shipping
Radeon,MSI,RX 6900 XT,"1,069",$9.99 Shipping
Nvidia,ASUS,RTX 3050,379,Free Shipping
Nvidia,ASUS,RTX 3070 Ti,899,Free Shipping
Nvidia,ASUS,RTX 2060,389,Free Shipping
Nvidia,GIGABYTE,RTX 3080,999,Free Shipping
Nvidia,GIGABYTE,RTX 3070 Ti,799,Free Shipping
Radeon,ASRock,RX 6600 XT,419,Free Shipping
Radeon,MSI,RX 6700 XT,529,Free Shipping
Nvidia,MSI,RTX 3070 Ti,819,Free Shipping
Nvidia,GIGABYTE,RTX 3070 Ti,899,Free Shipping
Radeon,Sapphire,RX 6700 XT,599,$9.99 Shipping
Radeon,ASRock,RX 6500 XT,209,Free Shipping
Nvidia,ASUS,RTX 3080 Ti,"1,699",Free Shipping
Radeon,XFX,RX 6400,179,$6.34 Shipping
Radeon,XFX,RX 6700 XT,569,Free Shipping
Radeon,GIGABYTE,RX 6600,369,Free Shipping
Nvidia,GIGABYTE,RTX 3090 Ti,"2,199",$8.44 Shipping
Nvidia,MSI,RTX 3070 Ti,789,Free Shipping
Nvidia,MSI,RTX 3050,359,Free Shipping
Nvidia,MSI,GTX 1050 Ti,203,Free Shipping
Nvidia,MSI,RTX 3080,"1,059",Free Shipping
Nvidia,MSI,RTX 3080,"1,149",Free Shipping
Nvidia,MSI,RTX 3060,736,Free Shipping
Nvidia,ASUS,RTX 3080 Ti,"1,539",Free Shipping
Radeon,Sapphire,RX 6700 XT,579,Free Shipping
Radeon,SAPPHIRE,RX 6600 XT,469,Free Shipping
Radeon,ASRock,RX 6800,799,Free Shipping
Nvidia,GIGABYTE,RTX 3080 Ti,"1,449",Free Shipping
Nvidia,ASUS,RTX 3080,"1,399",Free Shipping
Radeon,SAPPHIRE,RX 6500 XT,209,Free Shipping
Radeon,MSI,RX 6800 XT,899,Free Shipping
Nvidia,EVGA,RTX 3080 Ti,"1,299",Free Shipping
Nvidia,MSI,GTX 1660,359,Free Shipping
Nvidia,ZOTAC,GTX 1660,329,Est. Shipping Fee $7.99
Radeon,XFX,RX 6600,369,$4.49 Shipping
Nvidia,GIGABYTE,RTX 3060 Ti,699,Free Shipping
Nvidia,ASUS,RTX 3090 Ti,"1,999",$9.99 Shipping
Nvidia,GIGABYTE,RTX 3070 Ti,852,Free Shipping
Nvidia,GIGABYTE,RTX 3080 Ti,"1,401",$49.99 Shipping
Nvidia,ZOTAC,RTX 3060 Ti,649,Free Shipping
Radeon,Yeston,RX6800XT 1,"1,099",Free Shipping
Nvidia,GIGABYTE,RTX 3070,859,Free Shipping
Radeon,Sapphire,RX 6600,359,$9.99 Shipping
Nvidia,GIGABYTE,RTX 3080,"1,093",Free Shipping
Nvidia,MSI,GTX 1660,389,$9.99 Shipping
Nvidia,MSI,RTX 2060,459,Free Shipping
Nvidia,ASUS,GTX 1660 Ti,349,Free Shipping
Nvidia,GIGABYTE,RTX 3050,419,Free Shipping
Nvidia,EVGA,RTX 3070 Ti,759,Free Shipping
Nvidia,ASUS,RTX 3090 Ti,"2,199",Free Shipping
Nvidia,GIGABYTE,RTX 3090 Ti,"2,149",Free Shipping
Radeon,GIGABYTE,RX 6800 XT,919,Free Shipping
Nvidia,ASUS,RTX 3080,"1,199",Free Shipping
Radeon,Yeston,RX6800XT 1,999,Free Shipping
Radeon,Biostar,RX 550 ,139,Free Shipping
Radeon,GIGABYTE,RX 6600 XT,479,Free Shipping
Nvidia,GIGABYTE,RTX 3080,"1,199",Free Shipping
Nvidia,GIGABYTE,RTX 3080,"1,229",$9.99 Shipping
Nvidia,GIGABYTE,RTX 3080 Ti,"1,402",Free Shipping
Nvidia,ASUS,RTX 2060,429,Free Shipping
Radeon,Sapphire,RX 6800,819,$7.77 Shipping
Radeon,SAPPHIRE,RX 6600,379,Free Shipping
Nvidia,MSI,GTX 1650,229,$9.99 Shipping
Nvidia,ASUS,RTX 3080,"1,348",Free Shipping
Nvidia,GIGABYTE,RTX 3090,"1,999",$9.99 Shipping
Radeon,GIGABYTE,RX 6900 XT,"1,099",Free Shipping
Nvidia,ASUS,RTX 3050,429,Free Shipping
Radeon,GIGABYTE,RX 6500 XT,239,Free Shipping
Radeon,ASRock,RX 6900 XT,"1,149",Free Shipping
Radeon,GIGABYTE,RX 6700 XT,599,Free Shipping
Radeon,MSI,RX 6700 XT,589,Free Shipping
Radeon,XFX,RX 6600 XT,429,Free Shipping
Nvidia,MSI,RTX 3050,329,Free Shipping
Nvidia,MSI,RTX 3060 Ti,579,Free Shipping
Nvidia,GIGABYTE,RTX 3060 Ti,599,Free Shipping
Radeon,ASRock,RX 6600,335,Free Shipping
Radeon,ASRock,RX 6700 XT,528,Free Shipping
Radeon,MSI,RX 6600,339,Free Shipping
Nvidia,MSI,RTX 3070 Ti,809,Free Shipping
Nvidia,GIGABYTE,RTX 3080 Ti,"1,429",Free Shipping
Nvidia,GIGABYTE,RTX 3080,949,Free Shipping
Nvidia,GIGABYTE,RTX 3060,519,Free Shipping
Radeon,Yeston,RX6700XT 1,769,Free Shipping
Nvidia,EVGA,RTX 3090 Ti,"2,199",$9.99 Shipping
Radeon,Sapphire,RX 6900 XT,"1,079",$9.99 Shipping
Nvidia,EVGA,RTX 3090,"1,699",$9.99 Shipping
Nvidia,GIGABYTE,RTX 3060,499,$9.99 Shipping
Radeon,SAPPHIRE,RX 6900 XT,"1,189",Free Shipping
Radeon,SAPPHIRE,RX 6800 XT,859,$9.99 Shipping
Radeon,ASRock,RX 6400,169,Free Shipping
Nvidia,GIGABYTE,RTX 3090 Ti,"1,999",Free Shipping
Nvidia,MSI,RTX 3090,"1,679",Free Shipping
Nvidia,MSI,RTX 3060 Ti,589,$9.99 Shipping
Nvidia,ZOTAC,RTX 3070 Ti,769,Free Shipping
Nvidia,MSI,RTX 3060,409,$9.99 Shipping
Nvidia,MSI,RTX 3090 Ti,"1,999",Free Shipping
Nvidia,MSI,RTX 3080,999,Free Shipping
Radeon,MSI,RX 6900 XT,"1,069",$9.99 Shipping
Nvidia,ASUS,RTX 3050,379,Free Shipping
Nvidia,ASUS,RTX 3070 Ti,899,Free Shipping
Nvidia,ASUS,RTX 2060,389,Free Shipping
Nvidia,GIGABYTE,RTX 3080,999,Free Shipping
Nvidia,GIGABYTE,RTX 3070 Ti,799,Free Shipping
Radeon,ASRock,RX 6600 XT,419,Free Shipping
Radeon,MSI,RX 6700 XT,529,Free Shipping
Nvidia,MSI,RTX 3070 Ti,819,Free Shipping
Nvidia,GIGABYTE,RTX 3070 Ti,899,Free Shipping
Radeon,Sapphire,RX 6700 XT,599,$9.99 Shipping
Radeon,ASRock,RX 6500 XT,209,Free Shipping
Nvidia,ASUS,RTX 3080 Ti,"1,699",Free Shipping
Radeon,XFX,RX 6400,179,$6.34 Shipping
Radeon,XFX,RX 6700 XT,569,Free Shipping
Radeon,GIGABYTE,RX 6600,369,Free Shipping
Nvidia,GIGABYTE,RTX 3090 Ti,"2,199",$8.44 Shipping
Nvidia,MSI,RTX 3070 Ti,789,Free Shipping
Nvidia,MSI,RTX 3050,359,Free Shipping
Nvidia,MSI,GTX 1050 Ti,203,Free Shipping
Nvidia,MSI,RTX 3080,"1,059",Free Shipping
Nvidia,MSI,RTX 3080,"1,149",Free Shipping
Nvidia,MSI,RTX 3060,736,Free Shipping
Nvidia,ASUS,RTX 3080 Ti,"1,539",Free Shipping
Radeon,Sapphire,RX 6700 XT,579,Free Shipping
Radeon,SAPPHIRE,RX 6600 XT,469,Free Shipping
Radeon,ASRock,RX 6800,799,Free Shipping
Nvidia,GIGABYTE,RTX 3080 Ti,"1,449",Free Shipping
Nvidia,ASUS,RTX 3080,"1,399",Free Shipping
Radeon,SAPPHIRE,RX 6500 XT,209,Free Shipping
Radeon,MSI,RX 6800 XT,899,Free Shipping
Nvidia,EVGA,RTX 3080 Ti,"1,299",Free Shipping
Nvidia,MSI,GTX 1660,359,Free Shipping
Nvidia,ZOTAC,GTX 1660,329,Est. Shipping Fee $7.99
Radeon,XFX,RX 6600,369,$4.49 Shipping
Nvidia,GIGABYTE,RTX 3060 Ti,699,Free Shipping
Nvidia,ASUS,RTX 3090 Ti,"1,999",$9.99 Shipping
Nvidia,GIGABYTE,RTX 3070 Ti,852,Free Shipping
Nvidia,GIGABYTE,RTX 3080 Ti,"1,401",$49.99 Shipping
Nvidia,ZOTAC,RTX 3060 Ti,649,Free Shipping
Radeon,Yeston,RX6800XT 1,"1,099",Free Shipping
Nvidia,GIGABYTE,RTX 3070,859,Free Shipping
Radeon,Sapphire,RX 6600,359,$9.99 Shipping
Nvidia,GIGABYTE,RTX 3080,"1,093",Free Shipping
Nvidia,MSI,GTX 1660,389,$9.99 Shipping
Nvidia,MSI,RTX 2060,459,Free Shipping
Nvidia,ASUS,GTX 1660 Ti,349,Free Shipping
Nvidia,GIGABYTE,RTX 3050,419,Free Shipping
Nvidia,EVGA,RTX 3070 Ti,759,Free Shipping
Nvidia,ASUS,RTX 3090 Ti,"2,199",Free Shipping
Nvidia,GIGABYTE,RTX 3090 Ti,"2,149",Free Shipping
Radeon,GIGABYTE,RX 6800 XT,919,Free Shipping
Nvidia,ASUS,RTX 3080,"1,199",Free Shipping
Radeon,Yeston,RX6800XT 1,999,Free Shipping
Radeon,Biostar,RX 550 ,139,Free Shipping
Radeon,GIGABYTE,RX 6600 XT,479,Free Shipping
Nvidia,GIGABYTE,RTX 3080,"1,199",Free Shipping
Nvidia,GIGABYTE,RTX 3080,"1,229",$9.99 Shipping
Nvidia,GIGABYTE,RTX 3080 Ti,"1,402",Free Shipping
Nvidia,ASUS,RTX 2060,429,Free Shipping
Radeon,Sapphire,RX 6800,819,$7.77 Shipping
Radeon,SAPPHIRE,RX 6600,379,Free Shipping
Nvidia,GIGABYTE,RTX 3070,729,Free Shipping
Nvidia,GIGABYTE,RTX 3090,"1,999",$9.99 Shipping
Radeon,GIGABYTE,RX 6900 XT,"1,099",Free Shipping
Nvidia,ASUS,RTX 3050,429,Free Shipping
Radeon,GIGABYTE,RX 6500 XT,239,Free Shipping
Radeon,ASRock,RX 6900 XT,"1,149",Free Shipping
Radeon,GIGABYTE,RX 6700 XT,599,Free Shipping
Radeon,MSI,RX 6700 XT,589,Free Shipping
Radeon,XFX,RX 6600 XT,429,Free Shipping
Nvidia,MSI,RTX 3050,329,Free Shipping
Nvidia,MSI,RTX 3060 Ti,579,Free Shipping
Nvidia,GIGABYTE,RTX 3060 Ti,599,Free Shipping
Radeon,ASRock,RX 6600,335,Free Shipping
Radeon,ASRock,RX 6700 XT,528,Free Shipping
Radeon,MSI,RX 6600,339,Free Shipping
Nvidia,MSI,RTX 3070 Ti,809,Free Shipping
Nvidia,GIGABYTE,RTX 3080 Ti,"1,429",Free Shipping
Nvidia,GIGABYTE,RTX 3080,949,Free Shipping
Nvidia,GIGABYTE,RTX 3060,519,Free Shipping
Radeon,Yeston,RX6700XT 1,769,Free Shipping
Nvidia,EVGA,RTX 3090 Ti,"2,199",$9.99 Shipping
Nvidia,EVGA,RTX 3090,"1,699",$9.99 Shipping
Nvidia,GIGABYTE,RTX 3060,499,$9.99 Shipping
Radeon,SAPPHIRE,RX 6900 XT,"1,189",Free Shipping
Radeon,SAPPHIRE,RX 6800 XT,859,$9.99 Shipping
Radeon,ASRock,RX 6400,169,Free Shipping
Nvidia,GIGABYTE,RTX 3090 Ti,"1,999",Free Shipping
Nvidia,MSI,RTX 3090,"1,679",Free Shipping
Nvidia,MSI,RTX 3060 Ti,589,$9.99 Shipping
Nvidia,ZOTAC,RTX 3070 Ti,769,Free Shipping
Nvidia,MSI,RTX 3060,409,$9.99 Shipping
Nvidia,MSI,RTX 3090 Ti,"1,999",Free Shipping
Nvidia,MSI,RTX 3080,999,Free Shipping
Radeon,MSI,RX 6900 XT,"1,069",$9.99 Shipping
Nvidia,ASUS,RTX 3050,379,Free Shipping
Nvidia,ASUS,RTX 3070 Ti,899,Free Shipping
Nvidia,ASUS,RTX 2060,389,Free Shipping
Nvidia,GIGABYTE,RTX 3080,999,Free Shipping
Nvidia,GIGABYTE,RTX 3070 Ti,799,Free Shipping
Radeon,ASRock,RX 6600 XT,419,Free Shipping
Radeon,MSI,RX 6700 XT,529,Free Shipping
Nvidia,MSI,RTX 3070 Ti,819,Free Shipping
Nvidia,GIGABYTE,RTX 3070 Ti,899,Free Shipping
Radeon,Sapphire,RX 6700 XT,599,$9.99 Shipping
Radeon,ASRock,RX 6500 XT,209,Free Shipping
Nvidia,ASUS,RTX 3080 Ti,"1,699",Free Shipping
Radeon,XFX,RX 6400,179,$6.34 Shipping
Radeon,XFX,RX 6700 XT,569,Free Shipping
Radeon,GIGABYTE,RX 6600,369,Free Shipping
Nvidia,GIGABYTE,RTX 3090 Ti,"2,199",$8.44 Shipping
Nvidia,MSI,RTX 3070 Ti,789,Free Shipping
Nvidia,MSI,RTX 3050,359,Free Shipping
Nvidia,MSI,GTX 1050 Ti,203,Free Shipping
Nvidia,MSI,RTX 3080,"1,059",Free Shipping
Nvidia,MSI,RTX 3080,"1,149",Free Shipping
Nvidia,MSI,RTX 3060,736,Free Shipping
Nvidia,ASUS,RTX 3080 Ti,"1,539",Free Shipping
Radeon,Sapphire,RX 6700 XT,579,Free Shipping
Radeon,SAPPHIRE,RX 6600 XT,469,Free Shipping
Radeon,ASRock,RX 6800,799,Free Shipping
Nvidia,GIGABYTE,RTX 3080 Ti,"1,449",Free Shipping
Nvidia,ASUS,RTX 3080,"1,399",Free Shipping
Radeon,SAPPHIRE,RX 6500 XT,209,Free Shipping
Radeon,MSI,RX 6800 XT,899,Free Shipping
Nvidia,EVGA,RTX 3080 Ti,"1,299",Free Shipping
Nvidia,MSI,GTX 1660,359,Free Shipping
Nvidia,ZOTAC,GTX 1660,329,Est. Shipping Fee $7.99
Radeon,XFX,RX 6600,369,$4.49 Shipping
Nvidia,GIGABYTE,RTX 3060 Ti,699,Free Shipping
Nvidia,ASUS,RTX 3090 Ti,"1,999",$9.99 Shipping
Nvidia,GIGABYTE,RTX 3070 Ti,852,Free Shipping
Nvidia,GIGABYTE,RTX 3080 Ti,"1,401",$49.99 Shipping
Nvidia,ZOTAC,RTX 3060 Ti,649,Free Shipping
Radeon,Yeston,RX6800XT 1,"1,099",Free Shipping
Nvidia,GIGABYTE,RTX 3070,859,Free Shipping
Radeon,Sapphire,RX 6600,359,$9.99 Shipping
Nvidia,GIGABYTE,RTX 3080,"1,093",Free Shipping
Nvidia,MSI,GTX 1660,389,$9.99 Shipping
Nvidia,MSI,RTX 2060,459,Free Shipping
Nvidia,ASUS,GTX 1660 Ti,349,Free Shipping
Nvidia,GIGABYTE,RTX 3050,419,Free Shipping
Nvidia,EVGA,RTX 3070 Ti,759,Free Shipping
Nvidia,ASUS,RTX 3090 Ti,"2,199",Free Shipping
Nvidia,GIGABYTE,RTX 3090 Ti,"2,149",Free Shipping
Radeon,GIGABYTE,RX 6800 XT,919,Free Shipping
Nvidia,ASUS,RTX 3080,"1,199",Free Shipping
Radeon,Yeston,RX6800XT 1,999,Free Shipping
Radeon,Biostar,RX 550 ,139,Free Shipping
Radeon,GIGABYTE,RX 6600 XT,479,Free Shipping
Nvidia,GIGABYTE,RTX 3080,"1,199",Free Shipping
Nvidia,GIGABYTE,RTX 3080,"1,229",$9.99 Shipping
Nvidia,GIGABYTE,RTX 3080 Ti,"1,402",Free Shipping
Nvidia,ASUS,RTX 2060,429,Free Shipping
Radeon,Sapphire,RX 6800,819,$7.77 Shipping
Radeon,SAPPHIRE,RX 6600,379,Free Shipping
Nvidia,MSI,GTX 1650,229,$9.99 Shipping
Nvidia,ASUS,RTX 3080,"1,348",Free Shipping
Nvidia,GIGABYTE,RTX 3090,"1,999",$9.99 Shipping
Radeon,GIGABYTE,RX 6900 XT,"1,099",Free Shipping
Nvidia,ASUS,RTX 3050,429,Free Shipping
Radeon,GIGABYTE,RX 6500 XT,239,Free Shipping
Radeon,ASRock,RX 6900 XT,"1,149",Free Shipping
Radeon,GIGABYTE,RX 6700 XT,599,Free Shipping
Radeon,MSI,RX 6700 XT,589,Free Shipping
Radeon,XFX,RX 6600 XT,429,Free Shipping
Nvidia,MSI,RTX 3050,329,Free Shipping
Nvidia,MSI,RTX 3060 Ti,579,Free Shipping
Nvidia,GIGABYTE,RTX 3060 Ti,599,Free Shipping
Radeon,ASRock,RX 6600,335,Free Shipping
Radeon,ASRock,RX 6700 XT,528,Free Shipping
Radeon,MSI,RX 6600,339,Free Shipping
Nvidia,MSI,RTX 3070 Ti,809,Free Shipping
Nvidia,GIGABYTE,RTX 3080 Ti,"1,429",Free Shipping
Nvidia,GIGABYTE,RTX 3080,949,Free Shipping
Nvidia,GIGABYTE,RTX 3060,519,Free Shipping
Radeon,Yeston,RX6700XT 1,769,Free Shipping
Nvidia,EVGA,RTX 3090 Ti,"2,199",$9.99 Shipping
Radeon,Sapphire,RX 6900 XT,"1,079",$9.99 Shipping
Nvidia,EVGA,RTX 3090,"1,699",$9.99 Shipping
Nvidia,GIGABYTE,RTX 3060,499,$9.99 Shipping
Radeon,SAPPHIRE,RX 6900 XT,"1,189",Free Shipping
Radeon,SAPPHIRE,RX 6800 XT,859,$9.99 Shipping
Radeon,ASRock,RX 6400,169,Free Shipping
Nvidia,GIGABYTE,RTX 3090 Ti,"1,999",Free Shipping
Nvidia,MSI,RTX 3090,"1,679",Free Shipping
Nvidia,MSI,RTX 3060 Ti,589,$9.99 Shipping
Nvidia,ZOTAC,RTX 3070 Ti,769,Free Shipping
Nvidia,MSI,RTX 3060,409,$9.99 Shipping
Nvidia,MSI,RTX 3090 Ti,"1,999",Free Shipping
Nvidia,MSI,RTX 3080,999,Free Shipping
Radeon,MSI,RX 6900 XT,"1,069",$9.99 Shipping
Nvidia,ASUS,RTX 3050,379,Free Shipping
Nvidia,ASUS,RTX 3070 Ti,899,Free Shipping
Nvidia,ASUS,RTX 2060,389,Free Shipping
Nvidia,GIGABYTE,RTX 3080,999,Free Shipping
Nvidia,GIGABYTE,RTX 3070 Ti,799,Free Shipping
Radeon,ASRock,RX 6600 XT,419,Free Shipping
Radeon,MSI,RX 6700 XT,529,Free Shipping
Nvidia,MSI,RTX 3070 Ti,819,Free Shipping
Nvidia,GIGABYTE,RTX 3070 Ti,899,Free Shipping
Radeon,Sapphire,RX 6700 XT,599,$9.99 Shipping
Radeon,ASRock,RX 6500 XT,209,Free Shipping
Nvidia,ASUS,RTX 3080 Ti,"1,699",Free Shipping
Radeon,XFX,RX 6400,179,$6.34 Shipping
Radeon,XFX,RX 6700 XT,569,Free Shipping
Radeon,GIGABYTE,RX 6600,369,Free Shipping
Nvidia,GIGABYTE,RTX 3090 Ti,"2,199",$8.44 Shipping
Nvidia,MSI,RTX 3070 Ti,789,Free Shipping
Nvidia,MSI,RTX 3050,359,Free Shipping
Nvidia,MSI,GTX 1050 Ti,203,Free Shipping
Nvidia,MSI,RTX 3080,"1,059",Free Shipping
Nvidia,MSI,RTX 3080,"1,149",Free Shipping
Nvidia,MSI,RTX 3060,736,Free Shipping
Nvidia,ASUS,RTX 3080 Ti,"1,539",Free Shipping
Radeon,Sapphire,RX 6700 XT,579,Free Shipping
Radeon,SAPPHIRE,RX 6600 XT,469,Free Shipping
Radeon,ASRock,RX 6800,799,Free Shipping
Nvidia,GIGABYTE,RTX 3080 Ti,"1,449",Free Shipping
Nvidia,ASUS,RTX 3080,"1,399",Free Shipping
Radeon,SAPPHIRE,RX 6500 XT,209,Free Shipping
Radeon,MSI,RX 6800 XT,899,Free Shipping
Nvidia,EVGA,RTX 3080 Ti,"1,299",Free Shipping
Nvidia,MSI,GTX 1660,359,Free Shipping
Nvidia,ZOTAC,GTX 1660,329,Est. Shipping Fee $7.99
Radeon,XFX,RX 6600,369,$4.49 Shipping
Nvidia,GIGABYTE,RTX 3060 Ti,699,Free Shipping
Nvidia,ASUS,RTX 3090 Ti,"1,999",$9.99 Shipping
Nvidia,GIGABYTE,RTX 3070 Ti,852,Free Shipping
Nvidia,GIGABYTE,RTX 3080 Ti,"1,401",$49.99 Shipping
Nvidia,ZOTAC,RTX 3060 Ti,649,Free Shipping
Radeon,Yeston,RX6800XT 1,"1,099",Free Shipping
Nvidia,GIGABYTE,RTX 3070,859,Free Shipping
Radeon,Sapphire,RX 6600,359,$9.99 Shipping
Nvidia,GIGABYTE,RTX 3080,"1,093",Free Shipping
Nvidia,MSI,GTX 1660,389,$9.99 Shipping
Nvidia,MSI,RTX 2060,459,Free Shipping
Nvidia,ASUS,GTX 1660 Ti,349,Free Shipping
Nvidia,GIGABYTE,RTX 3050,419,Free Shipping
Nvidia,EVGA,RTX 3070 Ti,759,Free Shipping
Nvidia,ASUS,RTX 3090 Ti,"2,199",Free Shipping
Nvidia,GIGABYTE,RTX 3090 Ti,"2,149",Free Shipping
Radeon,GIGABYTE,RX 6800 XT,919,Free Shipping
Nvidia,ASUS,RTX 3080,"1,199",Free Shipping
Radeon,Yeston,RX6800XT 1,999,Free Shipping
Radeon,Biostar,RX 550 ,139,Free Shipping
Radeon,GIGABYTE,RX 6600 XT,479,Free Shipping
Nvidia,GIGABYTE,RTX 3080,"1,199",Free Shipping
Nvidia,GIGABYTE,RTX 3080,"1,229",$9.99 Shipping
Nvidia,GIGABYTE,RTX 3080 Ti,"1,402",Free Shipping
Nvidia,ASUS,RTX 2060,429,Free Shipping
Radeon,Sapphire,RX 6800,819,$7.77 Shipping
Radeon,SAPPHIRE,RX 6600,379,Free Shipping
Nvidia,GIGABYTE,RTX 3070,729,Free Shipping
Nvidia,GIGABYTE,RTX 3090,"1,999",$9.99 Shipping
Radeon,GIGABYTE,RX 6900 XT,"1,099",Free Shipping
Nvidia,ASUS,RTX 3050,429,Free Shipping
Radeon,GIGABYTE,RX 6500 XT,239,Free Shipping
Radeon,ASRock,RX 6900 XT,"1,149",Free Shipping
Radeon,GIGABYTE,RX 6700 XT,599,Free Shipping
Radeon,MSI,RX 6700 XT,589,Free Shipping
Radeon,XFX,RX 6600 XT,429,Free Shipping
Nvidia,MSI,RTX 3050,329,Free Shipping
Nvidia,MSI,RTX 3060 Ti,579,Free Shipping
Nvidia,GIGABYTE,RTX 3060 Ti,599,Free Shipping
Radeon,ASRock,RX 6600,335,Free Shipping
Radeon,ASRock,RX 6700 XT,528,Free Shipping
Radeon,MSI,RX 6600,339,Free Shipping
Nvidia,MSI,RTX 3070 Ti,809,Free Shipping
Nvidia,GIGABYTE,RTX 3080 Ti,"1,429",Free Shipping
Nvidia,GIGABYTE,RTX 3080,949,Free Shipping
Nvidia,GIGABYTE,RTX 3060,519,Free Shipping
Radeon,Yeston,RX6700XT 1,769,Free Shipping
Nvidia,EVGA,RTX 3090 Ti,"2,199",$9.99 Shipping
Nvidia,EVGA,RTX 3090,"1,699",$9.99 Shipping
Nvidia,GIGABYTE,RTX 3060,499,$9.99 Shipping
Radeon,SAPPHIRE,RX 6900 XT,"1,189",Free Shipping
Radeon,SAPPHIRE,RX 6800 XT,859,$9.99 Shipping
Radeon,ASRock,RX 6400,169,Free Shipping
Nvidia,GIGABYTE,RTX 3090 Ti,"1,999",Free Shipping
Nvidia,MSI,RTX 3090,"1,679",Free Shipping
Nvidia,MSI,RTX 3060 Ti,589,$9.99 Shipping
Nvidia,ZOTAC,RTX 3070 Ti,769,Free Shipping
Nvidia,MSI,RTX 3060,409,$9.99 Shipping
Nvidia,MSI,RTX 3090 Ti,"1,999",Free Shipping
Nvidia,MSI,RTX 3080,999,Free Shipping
Radeon,MSI,RX 6900 XT,"1,069",$9.99 Shipping
Nvidia,ASUS,RTX 3050,379,Free Shipping
Nvidia,ASUS,RTX 3070 Ti,899,Free Shipping
Nvidia,ASUS,RTX 2060,389,Free Shipping
Nvidia,GIGABYTE,RTX 3080,999,Free Shipping
Nvidia,GIGABYTE,RTX 3070 Ti,799,Free Shipping
Radeon,ASRock,RX 6600 XT,419,Free Shipping
Radeon,MSI,RX 6700 XT,529,Free Shipping
Nvidia,MSI,RTX 3070 Ti,819,Free Shipping
Nvidia,GIGABYTE,RTX 3070 Ti,899,Free Shipping
Radeon,Sapphire,RX 6700 XT,599,$9.99 Shipping
Radeon,ASRock,RX 6500 XT,209,Free Shipping
Nvidia,ASUS,RTX 3080 Ti,"1,699",Free Shipping
Radeon,XFX,RX 6400,179,$6.34 Shipping
Radeon,XFX,RX 6700 XT,569,Free Shipping
Radeon,GIGABYTE,RX 6600,369,Free Shipping
Nvidia,GIGABYTE,RTX 3090 Ti,"2,199",$8.44 Shipping
Nvidia,MSI,RTX 3070 Ti,789,Free Shipping
Nvidia,MSI,RTX 3050,359,Free Shipping
Nvidia,MSI,GTX 1050 Ti,203,Free Shipping
Nvidia,MSI,RTX 3080,"1,059",Free Shipping
Nvidia,MSI,RTX 3080,"1,149",Free Shipping
Nvidia,MSI,RTX 3060,736,Free Shipping
Nvidia,ASUS,RTX 3080 Ti,"1,539",Free Shipping
Radeon,Sapphire,RX 6700 XT,579,Free Shipping
Radeon,SAPPHIRE,RX 6600 XT,469,Free Shipping
Radeon,ASRock,RX 6800,799,Free Shipping
Nvidia,GIGABYTE,RTX 3080 Ti,"1,449",Free Shipping
Nvidia,ASUS,RTX 3080,"1,399",Free Shipping
Radeon,SAPPHIRE,RX 6500 XT,209,Free Shipping
Radeon,MSI,RX 6800 XT,899,Free Shipping
Nvidia,EVGA,RTX 3080 Ti,"1,299",Free Shipping
Nvidia,MSI,GTX 1660,359,Free Shipping
Nvidia,ZOTAC,GTX 1660,329,Est. Shipping Fee $7.99
Radeon,XFX,RX 6600,369,$4.49 Shipping
Nvidia,GIGABYTE,RTX 3060 Ti,699,Free Shipping
Nvidia,ASUS,RTX 3090 Ti,"1,999",$9.99 Shipping
Nvidia,GIGABYTE,RTX 3070 Ti,852,Free Shipping
Nvidia,GIGABYTE,RTX 3080 Ti,"1,401",$49.99 Shipping
Nvidia,ZOTAC,RTX 3060 Ti,649,Free Shipping
Radeon,Yeston,RX6800XT 1,"1,099",Free Shipping
Nvidia,GIGABYTE,RTX 3070,859,Free Shipping
Radeon,Sapphire,RX 6600,359,$9.99 Shipping
Nvidia,GIGABYTE,RTX 3080,"1,093",Free Shipping
Nvidia,MSI,GTX 1660,389,$9.99 Shipping
Nvidia,MSI,RTX 2060,459,Free Shipping
Nvidia,ASUS,GTX 1660 Ti,349,Free Shipping
Nvidia,GIGABYTE,RTX 3050,419,Free Shipping
Nvidia,EVGA,RTX 3070 Ti,759,Free Shipping
Nvidia,ASUS,RTX 3090 Ti,"2,199",Free Shipping
Nvidia,GIGABYTE,RTX 3090 Ti,"2,149",Free Shipping
Radeon,GIGABYTE,RX 6800 XT,919,Free Shipping
Nvidia,ASUS,RTX 3080,"1,199",Free Shipping
Radeon,Yeston,RX6800XT 1,999,Free Shipping
Radeon,Biostar,RX 550 ,139,Free Shipping
Radeon,GIGABYTE,RX 6600 XT,479,Free Shipping
Nvidia,GIGABYTE,RTX 3080,"1,199",Free Shipping
Nvidia,GIGABYTE,RTX 3080,"1,229",$9.99 Shipping
Nvidia,GIGABYTE,RTX 3080 Ti,"1,402",Free Shipping
Nvidia,ASUS,RTX 2060,429,Free Shipping
Radeon,Sapphire,RX 6800,819,$7.77 Shipping
Radeon,SAPPHIRE,RX 6600,379,Free Shipping
Nvidia,MSI,GTX 1650,229,$9.99 Shipping
Nvidia,ASUS,RTX 3080,"1,348",Free Shipping
